model,epoch,size_error,bce_loss,threshold,weights_path
ISC,0,0.2570394277572632,0.0005716831656172872,0.18,models/ablation_learning_curve_bce_isc_model-0-bhvsim.torch
ISC,1,0.2550217807292938,0.00035285146441310644,0.18,models/ablation_learning_curve_bce_isc_model-0-bhvsim.torch
ISC,2,0.25199976563453674,0.00030214223079383373,0.18,models/ablation_learning_curve_bce_isc_model-0-bhvsim.torch
ISC,3,0.24726605415344238,0.0002681081532500684,0.18,models/ablation_learning_curve_bce_isc_model-0-bhvsim.torch
ISC,4,0.2434510886669159,0.00024444106384180486,0.18,models/ablation_learning_curve_bce_isc_model-0-bhvsim.torch
ISC,5,0.24006448686122894,0.0002388069115113467,0.18,models/ablation_learning_curve_bce_isc_model-0-bhvsim.torch
ISC,6,0.23975224792957306,0.0002449546300340444,0.18,models/ablation_learning_curve_bce_isc_model-0-bhvsim.torch
ISC,7,0.23745989799499512,0.00024820881662890315,0.18,models/ablation_learning_curve_bce_isc_model-0-bhvsim.torch
ISC,8,0.23550257086753845,0.00024838667013682425,0.18,models/ablation_learning_curve_bce_isc_model-0-bhvsim.torch
ISC,9,0.2298310399055481,0.0002351501607336104,0.18,models/ablation_learning_curve_bce_isc_model-0-bhvsim.torch
ISC,10,0.2212088406085968,0.0002102937869494781,0.18,models/ablation_learning_curve_bce_isc_model-0-bhvsim.torch
ISC,11,0.21500976383686066,0.00020531052723526955,0.18,models/ablation_learning_curve_bce_isc_model-0-bhvsim.torch
ISC,12,0.22750040888786316,0.00027156222495250404,0.18,models/ablation_learning_curve_bce_isc_model-0-bhvsim.torch
ISC,13,0.22520288825035095,0.000272246019449085,0.18,models/ablation_learning_curve_bce_isc_model-0-bhvsim.torch
ISC,14,0.20709578692913055,0.00020108511671423912,0.18,models/ablation_learning_curve_bce_isc_model-0-bhvsim.torch
ISC,15,0.19865871965885162,0.00019084558880422264,0.18,models/ablation_learning_curve_bce_isc_model-0-bhvsim.torch
ISC,16,0.20335805416107178,0.00020858920470345765,0.18,models/ablation_learning_curve_bce_isc_model-0-bhvsim.torch
ISC,17,0.20854337513446808,0.0002525528543628752,0.18,models/ablation_learning_curve_bce_isc_model-0-bhvsim.torch
ISC,18,0.19077318906784058,0.00017674097034614533,0.18,models/ablation_learning_curve_bce_isc_model-0-bhvsim.torch
ISC,19,0.1894177347421646,0.00018809831817634404,0.18,models/ablation_learning_curve_bce_isc_model-0-bhvsim.torch
ISC,20,0.21153967082500458,0.00028484396170824766,0.18,models/ablation_learning_curve_bce_isc_model-0-bhvsim.torch
ISC,21,0.18512888252735138,0.0001828734384616837,0.18,models/ablation_learning_curve_bce_isc_model-0-bhvsim.torch
ISC,22,0.18103362619876862,0.00017000937077682465,0.18,models/ablation_learning_curve_bce_isc_model-0-bhvsim.torch
ISC,23,0.17917609214782715,0.0001742286403896287,0.18,models/ablation_learning_curve_bce_isc_model-0-bhvsim.torch
MLP,0,0.4999980628490448,0.6935132741928101,0.18,models/ablation_learning_curve_bce_mlp_model-0-bhvsim.torch
MLP,1,0.49996834993362427,0.0005407886928878725,0.18,models/ablation_learning_curve_bce_mlp_model-0-bhvsim.torch
MLP,2,0.49969813227653503,0.0005035628564655781,0.18,models/ablation_learning_curve_bce_mlp_model-0-bhvsim.torch
MLP,3,0.4992947280406952,0.0004792644758708775,0.18,models/ablation_learning_curve_bce_mlp_model-0-bhvsim.torch
MLP,4,0.4982905387878418,0.00048580451402813196,0.18,models/ablation_learning_curve_bce_mlp_model-0-bhvsim.torch
MLP,5,0.4955586791038513,0.0004985193372704089,0.18,models/ablation_learning_curve_bce_mlp_model-0-bhvsim.torch
MLP,6,0.4877799153327942,0.0005009106243960559,0.18,models/ablation_learning_curve_bce_mlp_model-0-bhvsim.torch
MLP,7,0.4705559015274048,0.0005359674687497318,0.18,models/ablation_learning_curve_bce_mlp_model-0-bhvsim.torch
MLP,8,0.40228888392448425,0.00037174575845710933,0.18,models/ablation_learning_curve_bce_mlp_model-0-bhvsim.torch
MLP,9,0.34635916352272034,0.00034147073165513575,0.18,models/ablation_learning_curve_bce_mlp_model-0-bhvsim.torch
MLP,10,0.30739647150039673,0.00032068375730887055,0.18,models/ablation_learning_curve_bce_mlp_model-0-bhvsim.torch
MLP,11,0.2879098057746887,0.0003158313047606498,0.18,models/ablation_learning_curve_bce_mlp_model-0-bhvsim.torch
MLP,12,0.2712675631046295,0.00026563421124592423,0.18,models/ablation_learning_curve_bce_mlp_model-0-bhvsim.torch
MLP,13,0.2646404206752777,0.000252147379796952,0.18,models/ablation_learning_curve_bce_mlp_model-0-bhvsim.torch
MLP,14,0.2612345814704895,0.0002461882831994444,0.18,models/ablation_learning_curve_bce_mlp_model-0-bhvsim.torch
MLP,15,0.2591017186641693,0.0002447613805998117,0.18,models/ablation_learning_curve_bce_mlp_model-0-bhvsim.torch
MLP,16,0.25909173488616943,0.0002588437055237591,0.18,models/ablation_learning_curve_bce_mlp_model-0-bhvsim.torch
MLP,17,0.2569970488548279,0.0002511040074750781,0.18,models/ablation_learning_curve_bce_mlp_model-0-bhvsim.torch
MLP,18,0.2551485300064087,0.0002404179540462792,0.18,models/ablation_learning_curve_bce_mlp_model-0-bhvsim.torch
MLP,19,0.25427886843681335,0.00023995610536076128,0.18,models/ablation_learning_curve_bce_mlp_model-0-bhvsim.torch
MLP,20,0.25350913405418396,0.00023980590049177408,0.18,models/ablation_learning_curve_bce_mlp_model-0-bhvsim.torch
MLP,21,0.25368165969848633,0.0002515596861485392,0.18,models/ablation_learning_curve_bce_mlp_model-0-bhvsim.torch
MLP,22,0.25201675295829773,0.00023775927547831088,0.18,models/ablation_learning_curve_bce_mlp_model-0-bhvsim.torch
MLP,23,0.2513411045074463,0.00023717946896795183,0.18,models/ablation_learning_curve_bce_mlp_model-0-bhvsim.torch
MLP,24,0.25086700916290283,0.00023757427698001266,0.18,models/ablation_learning_curve_bce_mlp_model-0-bhvsim.torch
MLP,25,0.25027820467948914,0.00023588734620716423,0.18,models/ablation_learning_curve_bce_mlp_model-0-bhvsim.torch
MLP,26,0.2539171576499939,0.0002930841001216322,0.18,models/ablation_learning_curve_bce_mlp_model-0-bhvsim.torch
MLP,27,0.25613054633140564,0.0003370814665686339,0.18,models/ablation_learning_curve_bce_mlp_model-0-bhvsim.torch
MLP,28,0.2547966539859772,0.0003205057291779667,0.18,models/ablation_learning_curve_bce_mlp_model-0-bhvsim.torch
MLP,29,0.25015008449554443,0.00025202721008099616,0.18,models/ablation_learning_curve_bce_mlp_model-0-bhvsim.torch
MLP,30,0.24823538959026337,0.00023490037710871547,0.18,models/ablation_learning_curve_bce_mlp_model-0-bhvsim.torch
MLP,31,0.24765253067016602,0.0002320783241884783,0.18,models/ablation_learning_curve_bce_mlp_model-0-bhvsim.torch
MLP,32,0.24984018504619598,0.00026397337205708027,0.18,models/ablation_learning_curve_bce_mlp_model-0-bhvsim.torch
MLP,33,0.24799242615699768,0.00024373381165787578,0.18,models/ablation_learning_curve_bce_mlp_model-0-bhvsim.torch
MLP,34,0.24950025975704193,0.00026808056281879544,0.18,models/ablation_learning_curve_bce_mlp_model-0-bhvsim.torch
MLP,35,0.246673583984375,0.00023687450448051095,0.18,models/ablation_learning_curve_bce_mlp_model-0-bhvsim.torch
MLP,36,0.24614576995372772,0.00023674374097026885,0.18,models/ablation_learning_curve_bce_mlp_model-0-bhvsim.torch
MLP,37,0.24723230302333832,0.0002521187125239521,0.18,models/ablation_learning_curve_bce_mlp_model-0-bhvsim.torch
MLP,38,0.2480156272649765,0.0002660731552168727,0.18,models/ablation_learning_curve_bce_mlp_model-0-bhvsim.torch
MLP,39,0.243929922580719,0.00022850451932754368,0.18,models/ablation_learning_curve_bce_mlp_model-0-bhvsim.torch
MLP,40,0.24376635253429413,0.0002332741132704541,0.18,models/ablation_learning_curve_bce_mlp_model-0-bhvsim.torch
MLP,41,0.24331726133823395,0.0002348157431697473,0.18,models/ablation_learning_curve_bce_mlp_model-0-bhvsim.torch
MLP,42,0.2423558533191681,0.00023216311819851398,0.18,models/ablation_learning_curve_bce_mlp_model-0-bhvsim.torch
MLP,43,0.24110916256904602,0.0002292628341820091,0.18,models/ablation_learning_curve_bce_mlp_model-0-bhvsim.torch
MLP,44,0.23934845626354218,0.00022567965788766742,0.18,models/ablation_learning_curve_bce_mlp_model-0-bhvsim.torch
MLP,45,0.24323679506778717,0.00027149508241564035,0.18,models/ablation_learning_curve_bce_mlp_model-0-bhvsim.torch
MLP,46,0.23561085760593414,0.0002187850041082129,0.18,models/ablation_learning_curve_bce_mlp_model-0-bhvsim.torch
MLP,47,0.23503129184246063,0.0002266959781991318,0.18,models/ablation_learning_curve_bce_mlp_model-0-bhvsim.torch
MLP,48,0.23559853434562683,0.00023978293756954372,0.18,models/ablation_learning_curve_bce_mlp_model-0-bhvsim.torch
MLP,49,0.22897210717201233,0.00021196011221036315,0.18,models/ablation_learning_curve_bce_mlp_model-0-bhvsim.torch
MLP,50,0.22582611441612244,0.00020747467351611704,0.18,models/ablation_learning_curve_bce_mlp_model-0-bhvsim.torch
MLP,51,0.22578291594982147,0.00021563901100307703,0.18,models/ablation_learning_curve_bce_mlp_model-0-bhvsim.torch
MLP,52,0.22046343982219696,0.00020329155086074024,0.18,models/ablation_learning_curve_bce_mlp_model-0-bhvsim.torch
MLP,53,0.21821212768554688,0.00020203448366373777,0.18,models/ablation_learning_curve_bce_mlp_model-0-bhvsim.torch
MLP,54,0.21659162640571594,0.00020347547251731157,0.18,models/ablation_learning_curve_bce_mlp_model-0-bhvsim.torch
MLP,55,0.21370798349380493,0.0002013096964219585,0.18,models/ablation_learning_curve_bce_mlp_model-0-bhvsim.torch
MLP,56,0.2090575098991394,0.0001896909816423431,0.18,models/ablation_learning_curve_bce_mlp_model-0-bhvsim.torch
MLP,57,0.20756568014621735,0.00019226125732529908,0.18,models/ablation_learning_curve_bce_mlp_model-0-bhvsim.torch
MLP,58,0.20567092299461365,0.00019256258383393288,0.18,models/ablation_learning_curve_bce_mlp_model-0-bhvsim.torch
MLP,59,0.2078103870153427,0.00021003700385335833,0.18,models/ablation_learning_curve_bce_mlp_model-0-bhvsim.torch
MLP,60,0.1999719738960266,0.00018644894589670002,0.18,models/ablation_learning_curve_bce_mlp_model-0-bhvsim.torch
MLP,61,0.210844025015831,0.00023321787011809647,0.18,models/ablation_learning_curve_bce_mlp_model-0-bhvsim.torch
MLP,62,0.19437341392040253,0.00017631694208830595,0.18,models/ablation_learning_curve_bce_mlp_model-0-bhvsim.torch
MLP,63,0.19472351670265198,0.0001824155478971079,0.18,models/ablation_learning_curve_bce_mlp_model-0-bhvsim.torch
MLP,64,0.1909569799900055,0.00017633952666074038,0.18,models/ablation_learning_curve_bce_mlp_model-0-bhvsim.torch
MLP,65,0.18829190731048584,0.00017341568309348077,0.18,models/ablation_learning_curve_bce_mlp_model-0-bhvsim.torch
MLP,66,0.18760257959365845,0.0001743995089782402,0.18,models/ablation_learning_curve_bce_mlp_model-0-bhvsim.torch
MLP,67,0.18701067566871643,0.0001792226976249367,0.18,models/ablation_learning_curve_bce_mlp_model-0-bhvsim.torch
MLP,68,0.18387749791145325,0.0001691092475084588,0.18,models/ablation_learning_curve_bce_mlp_model-0-bhvsim.torch
MLP,69,0.18110992014408112,0.00016682523710187525,0.18,models/ablation_learning_curve_bce_mlp_model-0-bhvsim.torch
MLP,70,0.18170537054538727,0.00017470066086389124,0.18,models/ablation_learning_curve_bce_mlp_model-0-bhvsim.torch
MLP,71,0.18102166056632996,0.00017077453958336264,0.18,models/ablation_learning_curve_bce_mlp_model-0-bhvsim.torch
MLP,72,0.1811259239912033,0.00017336606106255203,0.18,models/ablation_learning_curve_bce_mlp_model-0-bhvsim.torch
MLP,73,0.18107488751411438,0.00017769269470591098,0.18,models/ablation_learning_curve_bce_mlp_model-0-bhvsim.torch
MLP,74,0.187580406665802,0.00020088636665605009,0.18,models/ablation_learning_curve_bce_mlp_model-0-bhvsim.torch
MLP,75,0.17374256253242493,0.00016107369447126985,0.18,models/ablation_learning_curve_bce_mlp_model-0-bhvsim.torch
