model,epoch,loss,threshold,weights_path
ISC,0,0.25703850388526917,0.18,models/ablation_learning_curve_isc_model-0-bhvsim.torch
ISC,1,0.24942897260189056,0.18,models/ablation_learning_curve_isc_model-0-bhvsim.torch
ISC,2,0.24661016464233398,0.18,models/ablation_learning_curve_isc_model-0-bhvsim.torch
ISC,3,0.24958962202072144,0.18,models/ablation_learning_curve_isc_model-0-bhvsim.torch
ISC,4,0.24613387882709503,0.18,models/ablation_learning_curve_isc_model-0-bhvsim.torch
ISC,5,0.24433526396751404,0.18,models/ablation_learning_curve_isc_model-0-bhvsim.torch
ISC,6,0.24276289343833923,0.18,models/ablation_learning_curve_isc_model-0-bhvsim.torch
ISC,7,0.23553651571273804,0.18,models/ablation_learning_curve_isc_model-0-bhvsim.torch
ISC,8,0.23323658108711243,0.18,models/ablation_learning_curve_isc_model-0-bhvsim.torch
ISC,9,0.2397085577249527,0.18,models/ablation_learning_curve_isc_model-0-bhvsim.torch
ISC,10,0.23714400827884674,0.18,models/ablation_learning_curve_isc_model-0-bhvsim.torch
ISC,11,0.22864475846290588,0.18,models/ablation_learning_curve_isc_model-0-bhvsim.torch
ISC,12,0.22273582220077515,0.18,models/ablation_learning_curve_isc_model-0-bhvsim.torch
ISC,13,0.21584780514240265,0.18,models/ablation_learning_curve_isc_model-0-bhvsim.torch
ISC,14,0.22002936899662018,0.18,models/ablation_learning_curve_isc_model-0-bhvsim.torch
ISC,15,0.2061878740787506,0.18,models/ablation_learning_curve_isc_model-0-bhvsim.torch
ISC,16,0.20346210896968842,0.18,models/ablation_learning_curve_isc_model-0-bhvsim.torch
ISC,17,0.21094363927841187,0.18,models/ablation_learning_curve_isc_model-0-bhvsim.torch
ISC,18,0.18984325230121613,0.18,models/ablation_learning_curve_isc_model-0-bhvsim.torch
ISC,19,0.1886364370584488,0.18,models/ablation_learning_curve_isc_model-0-bhvsim.torch
ISC,20,0.18565112352371216,0.18,models/ablation_learning_curve_isc_model-0-bhvsim.torch
ISC,21,0.18022875487804413,0.18,models/ablation_learning_curve_isc_model-0-bhvsim.torch
ISC,22,0.18097572028636932,0.18,models/ablation_learning_curve_isc_model-0-bhvsim.torch
ISC,23,0.18414074182510376,0.18,models/ablation_learning_curve_isc_model-0-bhvsim.torch
ISC,24,0.17844094336032867,0.18,models/ablation_learning_curve_isc_model-0-bhvsim.torch
MLP,0,0.5000007748603821,0.18,models/ablation_learning_curve_mlp_model-0-bhvsim.torch
MLP,1,0.5000223517417908,0.18,models/ablation_learning_curve_mlp_model-0-bhvsim.torch
MLP,2,0.4998907744884491,0.18,models/ablation_learning_curve_mlp_model-0-bhvsim.torch
MLP,3,0.49979230761528015,0.18,models/ablation_learning_curve_mlp_model-0-bhvsim.torch
MLP,4,0.4994049668312073,0.18,models/ablation_learning_curve_mlp_model-0-bhvsim.torch
MLP,5,0.4985838830471039,0.18,models/ablation_learning_curve_mlp_model-0-bhvsim.torch
MLP,6,0.49528852105140686,0.18,models/ablation_learning_curve_mlp_model-0-bhvsim.torch
MLP,7,0.4862655997276306,0.18,models/ablation_learning_curve_mlp_model-0-bhvsim.torch
MLP,8,0.4617161750793457,0.18,models/ablation_learning_curve_mlp_model-0-bhvsim.torch
MLP,9,0.40461084246635437,0.18,models/ablation_learning_curve_mlp_model-0-bhvsim.torch
MLP,10,0.32875874638557434,0.18,models/ablation_learning_curve_mlp_model-0-bhvsim.torch
MLP,11,0.28125250339508057,0.18,models/ablation_learning_curve_mlp_model-0-bhvsim.torch
MLP,12,0.27029380202293396,0.18,models/ablation_learning_curve_mlp_model-0-bhvsim.torch
MLP,13,0.26422736048698425,0.18,models/ablation_learning_curve_mlp_model-0-bhvsim.torch
MLP,14,0.2619188725948334,0.18,models/ablation_learning_curve_mlp_model-0-bhvsim.torch
MLP,15,0.260804146528244,0.18,models/ablation_learning_curve_mlp_model-0-bhvsim.torch
MLP,16,0.2576364576816559,0.18,models/ablation_learning_curve_mlp_model-0-bhvsim.torch
MLP,17,0.25608083605766296,0.18,models/ablation_learning_curve_mlp_model-0-bhvsim.torch
MLP,18,0.25471872091293335,0.18,models/ablation_learning_curve_mlp_model-0-bhvsim.torch
MLP,19,0.25457948446273804,0.18,models/ablation_learning_curve_mlp_model-0-bhvsim.torch
MLP,20,0.253325492143631,0.18,models/ablation_learning_curve_mlp_model-0-bhvsim.torch
MLP,21,0.2530486583709717,0.18,models/ablation_learning_curve_mlp_model-0-bhvsim.torch
MLP,22,0.25295764207839966,0.18,models/ablation_learning_curve_mlp_model-0-bhvsim.torch
MLP,23,0.2521006166934967,0.18,models/ablation_learning_curve_mlp_model-0-bhvsim.torch
MLP,24,0.25184276700019836,0.18,models/ablation_learning_curve_mlp_model-0-bhvsim.torch
MLP,25,0.25159868597984314,0.18,models/ablation_learning_curve_mlp_model-0-bhvsim.torch
MLP,26,0.2515941262245178,0.18,models/ablation_learning_curve_mlp_model-0-bhvsim.torch
MLP,27,0.24970927834510803,0.18,models/ablation_learning_curve_mlp_model-0-bhvsim.torch
MLP,28,0.2534402906894684,0.18,models/ablation_learning_curve_mlp_model-0-bhvsim.torch
MLP,29,0.24967022240161896,0.18,models/ablation_learning_curve_mlp_model-0-bhvsim.torch
MLP,30,0.2532162368297577,0.18,models/ablation_learning_curve_mlp_model-0-bhvsim.torch
MLP,31,0.24878066778182983,0.18,models/ablation_learning_curve_mlp_model-0-bhvsim.torch
MLP,32,0.25044912099838257,0.18,models/ablation_learning_curve_mlp_model-0-bhvsim.torch
MLP,33,0.24827726185321808,0.18,models/ablation_learning_curve_mlp_model-0-bhvsim.torch
MLP,34,0.24741992354393005,0.18,models/ablation_learning_curve_mlp_model-0-bhvsim.torch
MLP,35,0.24718596041202545,0.18,models/ablation_learning_curve_mlp_model-0-bhvsim.torch
MLP,36,0.24792185425758362,0.18,models/ablation_learning_curve_mlp_model-0-bhvsim.torch
MLP,37,0.24831831455230713,0.18,models/ablation_learning_curve_mlp_model-0-bhvsim.torch
MLP,38,0.24675427377223969,0.18,models/ablation_learning_curve_mlp_model-0-bhvsim.torch
MLP,39,0.24558056890964508,0.18,models/ablation_learning_curve_mlp_model-0-bhvsim.torch
MLP,40,0.24461878836154938,0.18,models/ablation_learning_curve_mlp_model-0-bhvsim.torch
MLP,41,0.24757733941078186,0.18,models/ablation_learning_curve_mlp_model-0-bhvsim.torch
MLP,42,0.24519170820713043,0.18,models/ablation_learning_curve_mlp_model-0-bhvsim.torch
MLP,43,0.24373029172420502,0.18,models/ablation_learning_curve_mlp_model-0-bhvsim.torch
MLP,44,0.24563151597976685,0.18,models/ablation_learning_curve_mlp_model-0-bhvsim.torch
MLP,45,0.2477038949728012,0.18,models/ablation_learning_curve_mlp_model-0-bhvsim.torch
MLP,46,0.24565108120441437,0.18,models/ablation_learning_curve_mlp_model-0-bhvsim.torch
MLP,47,0.2448989897966385,0.18,models/ablation_learning_curve_mlp_model-0-bhvsim.torch
MLP,48,0.24178646504878998,0.18,models/ablation_learning_curve_mlp_model-0-bhvsim.torch
MLP,49,0.24316926300525665,0.18,models/ablation_learning_curve_mlp_model-0-bhvsim.torch
MLP,50,0.2406073808670044,0.18,models/ablation_learning_curve_mlp_model-0-bhvsim.torch
MLP,51,0.23987887799739838,0.18,models/ablation_learning_curve_mlp_model-0-bhvsim.torch
MLP,52,0.23853197693824768,0.18,models/ablation_learning_curve_mlp_model-0-bhvsim.torch
MLP,53,0.2379169911146164,0.18,models/ablation_learning_curve_mlp_model-0-bhvsim.torch
MLP,54,0.23652790486812592,0.18,models/ablation_learning_curve_mlp_model-0-bhvsim.torch
MLP,55,0.23539948463439941,0.18,models/ablation_learning_curve_mlp_model-0-bhvsim.torch
MLP,56,0.2354062795639038,0.18,models/ablation_learning_curve_mlp_model-0-bhvsim.torch
MLP,57,0.23296238481998444,0.18,models/ablation_learning_curve_mlp_model-0-bhvsim.torch
MLP,58,0.23151522874832153,0.18,models/ablation_learning_curve_mlp_model-0-bhvsim.torch
MLP,59,0.2324305772781372,0.18,models/ablation_learning_curve_mlp_model-0-bhvsim.torch
MLP,60,0.23124241828918457,0.18,models/ablation_learning_curve_mlp_model-0-bhvsim.torch
MLP,61,0.22516527771949768,0.18,models/ablation_learning_curve_mlp_model-0-bhvsim.torch
MLP,62,0.2246650755405426,0.18,models/ablation_learning_curve_mlp_model-0-bhvsim.torch
MLP,63,0.22028560936450958,0.18,models/ablation_learning_curve_mlp_model-0-bhvsim.torch
MLP,64,0.21883825957775116,0.18,models/ablation_learning_curve_mlp_model-0-bhvsim.torch
MLP,65,0.22165045142173767,0.18,models/ablation_learning_curve_mlp_model-0-bhvsim.torch
MLP,66,0.21878506243228912,0.18,models/ablation_learning_curve_mlp_model-0-bhvsim.torch
MLP,67,0.21217851340770721,0.18,models/ablation_learning_curve_mlp_model-0-bhvsim.torch
MLP,68,0.20809721946716309,0.18,models/ablation_learning_curve_mlp_model-0-bhvsim.torch
MLP,69,0.20986655354499817,0.18,models/ablation_learning_curve_mlp_model-0-bhvsim.torch
MLP,70,0.2029077410697937,0.18,models/ablation_learning_curve_mlp_model-0-bhvsim.torch
MLP,71,0.20147016644477844,0.18,models/ablation_learning_curve_mlp_model-0-bhvsim.torch
MLP,72,0.19894006848335266,0.18,models/ablation_learning_curve_mlp_model-0-bhvsim.torch
MLP,73,0.19401398301124573,0.18,models/ablation_learning_curve_mlp_model-0-bhvsim.torch
MLP,74,0.19420747458934784,0.18,models/ablation_learning_curve_mlp_model-0-bhvsim.torch
MLP,75,0.1907849758863449,0.18,models/ablation_learning_curve_mlp_model-0-bhvsim.torch
MLP,76,0.1862040013074875,0.18,models/ablation_learning_curve_mlp_model-0-bhvsim.torch
MLP,77,0.18792836368083954,0.18,models/ablation_learning_curve_mlp_model-0-bhvsim.torch
MLP,78,0.1824498474597931,0.18,models/ablation_learning_curve_mlp_model-0-bhvsim.torch
MLP,79,0.1769336760044098,0.18,models/ablation_learning_curve_mlp_model-0-bhvsim.torch
