model,epoch,bce,c1,c2,condition,architecture
0,0,0.018439145758748055,0.007751123514026403,0.006258764304220676,interleaved,Hebbian
0,1,0.018041091039776802,0.03866637125611305,0.03122599422931671,interleaved,Hebbian
0,2,0.019177958369255066,0.04826467111706734,0.03898240998387337,interleaved,Hebbian
0,3,0.0181008018553257,0.06301619112491608,0.05091053619980812,interleaved,Hebbian
0,4,0.018308868631720543,0.07298247516155243,0.058975592255592346,interleaved,Hebbian
0,5,0.018140166997909546,0.08650019764900208,0.06992445141077042,interleaved,Hebbian
0,6,0.017712898552417755,0.0924985408782959,0.07478702068328857,interleaved,Hebbian
0,7,0.018481934443116188,0.09535175561904907,0.0771009624004364,interleaved,Hebbian
0,8,0.017697371542453766,0.10722680389881134,0.08673880994319916,interleaved,Hebbian
0,9,0.01839512027800083,0.108463354408741,0.0877431109547615,interleaved,Hebbian
0,10,0.017925964668393135,0.10968546569347382,0.08873582631349564,interleaved,Hebbian
0,11,0.017954392358660698,0.10968546569347382,0.08873582631349564,interleaved,Hebbian
0,12,0.018105322495102882,0.11787363886833191,0.0953906923532486,interleaved,Hebbian
0,13,0.017973460257053375,0.12656132876873016,0.1024588942527771,interleaved,Hebbian
0,14,0.01812346652150154,0.13168899714946747,0.10663449019193649,interleaved,Hebbian
0,15,0.017888188362121582,0.13853585720062256,0.11221466958522797,interleaved,Hebbian
0,16,0.018153712153434753,0.14684969186782837,0.11899792402982712,interleaved,Hebbian
0,17,0.017884504050016403,0.15039004385471344,0.121889129281044,interleaved,Hebbian
0,18,0.018308591097593307,0.15805111825466156,0.1281510442495346,interleaved,Hebbian
0,19,0.017971767112612724,0.1613328456878662,0.13083584606647491,interleaved,Hebbian
0,20,0.01743144914507866,0.16924266517162323,0.137313112616539,interleaved,Hebbian
0,21,0.01868310756981373,0.1738051027059555,0.14105334877967834,interleaved,Hebbian
0,22,0.017844894900918007,0.17751158773899078,0.14409418404102325,interleaved,Hebbian
0,23,0.01771063171327114,0.18256543576717377,0.14824385941028595,interleaved,Hebbian
0,24,0.017740527167916298,0.18678055703639984,0.1517079770565033,interleaved,Hebbian
0,25,0.018053671345114708,0.18953458964824677,0.15397284924983978,interleaved,Hebbian
0,26,0.01824343018233776,0.19157207012176514,0.15564924478530884,interleaved,Hebbian
0,27,0.017915567383170128,0.1955781728029251,0.1589474081993103,interleaved,Hebbian
0,28,0.01803487166762352,0.19820015132427216,0.16110752522945404,interleaved,Hebbian
0,29,0.017986683174967766,0.20333394408226013,0.16534043848514557,interleaved,Hebbian
0,30,0.01790272444486618,0.20584851503372192,0.16741544008255005,interleaved,Hebbian
0,31,0.0178490299731493,0.20955850183963776,0.17047899961471558,interleaved,Hebbian
0,32,0.01770840398967266,0.213197723031044,0.17348657548427582,interleaved,Hebbian
0,33,0.018164174631237984,0.21617893874645233,0.17595219612121582,interleaved,Hebbian
0,34,0.018131563439965248,0.2196975201368332,0.17886441946029663,interleaved,Hebbian
0,35,0.017324915155768394,0.22085660696029663,0.17982427775859833,interleaved,Hebbian
0,36,0.018420828506350517,0.22315475344657898,0.18172818422317505,interleaved,Hebbian
0,37,0.017669714987277985,0.22599095106124878,0.18407927453517914,interleaved,Hebbian
0,38,0.01825270988047123,0.22655345499515533,0.18454575538635254,interleaved,Hebbian
0,39,0.018183721229434013,0.22878801822662354,0.18639951944351196,interleaved,Hebbian
0,40,0.017997853457927704,0.23044808208942413,0.1877773255109787,interleaved,Hebbian
1,0,0.024231547489762306,-0.0033248758409172297,-0.006126475054770708,interleaved,Hebbian
1,1,0.018171321600675583,-0.01758536510169506,-0.03239697217941284,interleaved,Hebbian
1,2,0.018651211634278297,-0.026520153507590294,-0.04883616790175438,interleaved,Hebbian
1,3,0.01793065294623375,-0.029501812532544136,-0.054316531866788864,interleaved,Hebbian
1,4,0.017779313027858734,-0.03132820874452591,-0.05767183378338814,interleaved,Hebbian
1,5,0.018008718267083168,-0.035477593541145325,-0.06528955698013306,interleaved,Hebbian
1,6,0.018151780590415,-0.03774585947394371,-0.0694504901766777,interleaved,Hebbian
1,7,0.018072418868541718,-0.04124761372804642,-0.0758691281080246,interleaved,Hebbian
1,8,0.018369603902101517,-0.04384710267186165,-0.08062972128391266,interleaved,Hebbian
1,9,0.017748678103089333,-0.04447318613529205,-0.0817757323384285,interleaved,Hebbian
1,10,0.018277252092957497,-0.04569961503148079,-0.0840199887752533,interleaved,Hebbian
1,11,0.01791507378220558,-0.05030781403183937,-0.09244439005851746,interleaved,Hebbian
1,12,0.018227264285087585,-0.05139563977718353,-0.09443110227584839,interleaved,Hebbian
1,13,0.01781449280679226,-0.05246107652783394,-0.09637616574764252,interleaved,Hebbian
1,14,0.01761847734451294,-0.05553596466779709,-0.10198527574539185,interleaved,Hebbian
1,15,0.018230367451906204,-0.05652416869997978,-0.10378649830818176,interleaved,Hebbian
1,16,0.01776261068880558,-0.05939148738980293,-0.10900874435901642,interleaved,Hebbian
1,17,0.0179696436971426,-0.059856217354536057,-0.1098545715212822,interleaved,Hebbian
1,18,0.017745714634656906,-0.06301504373550415,-0.11559927463531494,interleaved,Hebbian
1,19,0.01812276616692543,-0.06388941407203674,-0.1171879991889,interleaved,Hebbian
1,20,0.017788562923669815,-0.06388941407203674,-0.1171879991889,interleaved,Hebbian
1,21,0.017886212095618248,-0.06560391932725906,-0.12030142545700073,interleaved,Hebbian
1,22,0.017784953117370605,-0.06890789419412613,-0.12629413604736328,interleaved,Hebbian
1,23,0.018081355839967728,-0.06971002370119095,-0.12774759531021118,interleaved,Hebbian
1,24,0.0179288312792778,-0.07089664787054062,-0.12989670038223267,interleaved,Hebbian
1,25,0.017954271286725998,-0.07471991330385208,-0.13681215047836304,interleaved,Hebbian
1,26,0.017714399844408035,-0.07583045214414597,-0.13881829380989075,interleaved,Hebbian
1,27,0.018140926957130432,-0.07728716731071472,-0.141447976231575,interleaved,Hebbian
1,28,0.017568854615092278,-0.07907163351774216,-0.14466646313667297,interleaved,Hebbian
1,29,0.01839444600045681,-0.08081813156604767,-0.1478133648633957,interleaved,Hebbian
1,30,0.017718283459544182,-0.0821896344423294,-0.1502823829650879,interleaved,Hebbian
1,31,0.01756725087761879,-0.08387373387813568,-0.15331144630908966,interleaved,Hebbian
1,32,0.01748952828347683,-0.08585286140441895,-0.15686729550361633,interleaved,Hebbian
1,33,0.01818195730447769,-0.08905799686908722,-0.1626168042421341,interleaved,Hebbian
1,34,0.0176496934145689,-0.09062003344297409,-0.1654147058725357,interleaved,Hebbian
1,35,0.01867670565843582,-0.09123773127794266,-0.166520357131958,interleaved,Hebbian
1,36,0.01754988171160221,-0.09276489913463593,-0.16925199329853058,interleaved,Hebbian
1,37,0.01793353445827961,-0.09426860511302948,-0.17193903028964996,interleaved,Hebbian
1,38,0.01812260039150715,-0.09720999747514725,-0.17718733847141266,interleaved,Hebbian
1,39,0.017783774062991142,-0.09893523156642914,-0.1802607625722885,interleaved,Hebbian
1,40,0.017830565571784973,-0.10035160928964615,-0.18278123438358307,interleaved,Hebbian
2,0,0.0606752373278141,0.004712898749858141,-0.002874197904020548,interleaved,Hebbian
2,1,0.02094990387558937,0.023862523958086967,-0.014554097317159176,interleaved,Hebbian
2,2,0.017715413123369217,0.03463497385382652,-0.021128181368112564,interleaved,Hebbian
2,3,0.01962171122431755,0.045028768479824066,-0.027475455775856972,interleaved,Hebbian
2,4,0.017915986478328705,0.048340003937482834,-0.02949865721166134,interleaved,Hebbian
2,5,0.018587691709399223,0.05435045808553696,-0.033172689378261566,interleaved,Hebbian
2,6,0.017951786518096924,0.05888621509075165,-0.03594675287604332,interleaved,Hebbian
2,7,0.018440313637256622,0.060604505240917206,-0.03699801489710808,interleaved,Hebbian
2,8,0.01797385700047016,0.063901387155056,-0.039015643298625946,interleaved,Hebbian
2,9,0.018194114789366722,0.06548713147640228,-0.039986371994018555,interleaved,Hebbian
2,10,0.01803722232580185,0.06854795664548874,-0.04186062514781952,interleaved,Hebbian
2,11,0.0179637111723423,0.07002795487642288,-0.04276714101433754,interleaved,Hebbian
2,12,0.018124602735042572,0.07289746403694153,-0.04452526196837425,interleaved,Hebbian
2,13,0.01793067157268524,0.07700090855360031,-0.04704061895608902,interleaved,Hebbian
2,14,0.01853502355515957,0.07766369730234146,-0.04744704067707062,interleaved,Hebbian
2,15,0.017958924174308777,0.0821535661816597,-0.05020124465227127,interleaved,Hebbian
2,16,0.01827230304479599,0.08700171858072281,-0.053177397698163986,interleaved,Hebbian
2,17,0.018208695575594902,0.09046784043312073,-0.05530660226941109,interleaved,Hebbian
2,18,0.01772884465754032,0.09270685166120529,-0.05668267607688904,interleaved,Hebbian
2,19,0.018182283267378807,0.09755776822566986,-0.05966585502028465,interleaved,Hebbian
2,20,0.01813148893415928,0.10167666524648666,-0.06220095232129097,interleaved,Hebbian
2,21,0.018069803714752197,0.10317915678024292,-0.06312620639801025,interleaved,Hebbian
2,22,0.017977265641093254,0.10563619434833527,-0.0646398589015007,interleaved,Hebbian
2,23,0.018012605607509613,0.10708358883857727,-0.06553187221288681,interleaved,Hebbian
2,24,0.01817076839506626,0.10851184278726578,-0.06641235202550888,interleaved,Hebbian
2,25,0.018134646117687225,0.11131389439105988,-0.06814048439264297,interleaved,Hebbian
2,26,0.01788541115820408,0.1122325211763382,-0.06870725750923157,interleaved,Hebbian
2,27,0.017949817702174187,0.1140478104352951,-0.06982757896184921,interleaved,Hebbian
2,28,0.01818769983947277,0.11539074033498764,-0.0706566572189331,interleaved,Hebbian
2,29,0.01816408708691597,0.11671840399503708,-0.07147654891014099,interleaved,Hebbian
2,30,0.017970817163586617,0.11889860779047012,-0.07282346487045288,interleaved,Hebbian
2,31,0.017945311963558197,0.11889860779047012,-0.07282346487045288,interleaved,Hebbian
2,32,0.017979873344302177,0.12018798291683197,-0.07362034171819687,interleaved,Hebbian
2,33,0.018147626891732216,0.12188620120286942,-0.07467025518417358,interleaved,Hebbian
2,34,0.018101731315255165,0.12521448731422424,-0.07672914862632751,interleaved,Hebbian
2,35,0.017970852553844452,0.12644031643867493,-0.07748786360025406,interleaved,Hebbian
2,36,0.018121840432286263,0.12885752320289612,-0.07898461073637009,interleaved,Hebbian
2,37,0.018298683688044548,0.13004952669143677,-0.07972303032875061,interleaved,Hebbian
2,38,0.018155137076973915,0.13240185379981995,-0.08118090778589249,interleaved,Hebbian
2,39,0.017678990960121155,0.13240185379981995,-0.08118090778589249,interleaved,Hebbian
2,40,0.01871126890182495,0.133947491645813,-0.08213930577039719,interleaved,Hebbian
3,0,0.03408994525671005,-0.008552505634725094,-0.005111143458634615,interleaved,Hebbian
3,1,0.017764298245310783,-0.027218308299779892,-0.01626671478152275,interleaved,Hebbian
3,2,0.019253116101026535,-0.04589046910405159,-0.02743580937385559,interleaved,Hebbian
3,3,0.017783526331186295,-0.06379247456789017,-0.03816081956028938,interleaved,Hebbian
3,4,0.01826517842710018,-0.07099270075559616,-0.04248060658574104,interleaved,Hebbian
3,5,0.018106084316968918,-0.08153838664293289,-0.04881523922085762,interleaved,Hebbian
3,6,0.01775847189128399,-0.09256576001644135,-0.05545039102435112,interleaved,Hebbian
3,7,0.018302518874406815,-0.09921455383300781,-0.05945714935660362,interleaved,Hebbian
3,8,0.017537403851747513,-0.10985112935304642,-0.06587781012058258,interleaved,Hebbian
3,9,0.019763903692364693,-0.11683468520641327,-0.07010117173194885,interleaved,Hebbian
3,10,0.01792086660861969,-0.12593616545200348,-0.07561544328927994,interleaved,Hebbian
3,11,0.017582522705197334,-0.13322162628173828,-0.08003822714090347,interleaved,Hebbian
3,12,0.019008375704288483,-0.13439559936523438,-0.0807516872882843,interleaved,Hebbian
3,13,0.01805092766880989,-0.13555888831615448,-0.08145886659622192,interleaved,Hebbian
3,14,0.017850130796432495,-0.14011052250862122,-0.08422796428203583,interleaved,Hebbian
3,15,0.018322916701436043,-0.14451129734516144,-0.08690855652093887,interleaved,Hebbian
3,16,0.018073974177241325,-0.1529124528169632,-0.09203516691923141,interleaved,Hebbian
3,17,0.01796005666255951,-0.15493735671043396,-0.09327271580696106,interleaved,Hebbian
3,18,0.01734602451324463,-0.16276949644088745,-0.09806668013334274,interleaved,Hebbian
3,19,0.01803586445748806,-0.1674664169549942,-0.1009473204612732,interleaved,Hebbian
3,20,0.018204618245363235,-0.17558227479457855,-0.10593534260988235,interleaved,Hebbian
3,21,0.01801900565624237,-0.17819923162460327,-0.10754667967557907,interleaved,Hebbian
3,22,0.017919182777404785,-0.17992103099822998,-0.10860764980316162,interleaved,Hebbian
3,23,0.018085232004523277,-0.1841493397951126,-0.11121587455272675,interleaved,Hebbian
3,24,0.01802149973809719,-0.18908801674842834,-0.11426737904548645,interleaved,Hebbian
3,25,0.017462074756622314,-0.19467759132385254,-0.11772782355546951,interleaved,Hebbian
3,26,0.01803872175514698,-0.1993323415517807,-0.12061519920825958,interleaved,Hebbian
3,27,0.018355950713157654,-0.2046160250902176,-0.12389913201332092,interleaved,Hebbian
3,28,0.01796993985772133,-0.20975300669670105,-0.12709863483905792,interleaved,Hebbian
3,29,0.016967859119176865,-0.21333838999271393,-0.12933577597141266,interleaved,Hebbian
3,30,0.01862068474292755,-0.2154577523469925,-0.1306597888469696,interleaved,Hebbian
3,31,0.018734654411673546,-0.22168029844760895,-0.13455411791801453,interleaved,Hebbian
3,32,0.01754489168524742,-0.22572197020053864,-0.13708925247192383,interleaved,Hebbian
3,33,0.017798276618123055,-0.2277125120162964,-0.13833951950073242,interleaved,Hebbian
3,34,0.01843196339905262,-0.22837167978286743,-0.13875378668308258,interleaved,Hebbian
3,35,0.01784207858145237,-0.23292675614356995,-0.1416199952363968,interleaved,Hebbian
3,36,0.017278145998716354,-0.23356926441192627,-0.14202477037906647,interleaved,Hebbian
3,37,0.017868975177407265,-0.23611938953399658,-0.14363253116607666,interleaved,Hebbian
3,38,0.01804158091545105,-0.23926353454589844,-0.14561745524406433,interleaved,Hebbian
3,39,0.017728116363286972,-0.24236109852790833,-0.14757589995861053,interleaved,Hebbian
3,40,0.01779385842382908,-0.24358747899532318,-0.14835210144519806,interleaved,Hebbian
4,0,0.0190932285040617,0.004641225095838308,-0.0058704400435090065,interleaved,Hebbian
4,1,0.018208708614110947,0.026099326089024544,-0.033007800579071045,interleaved,Hebbian
4,2,0.019093260169029236,0.040289945900440216,-0.05094128102064133,interleaved,Hebbian
4,3,0.01792559213936329,0.04951423779129982,-0.06258921325206757,interleaved,Hebbian
4,4,0.018046148121356964,0.05634024366736412,-0.07120272517204285,interleaved,Hebbian
4,5,0.01835772395133972,0.06158524379134178,-0.07781724631786346,interleaved,Hebbian
4,6,0.018078042194247246,0.06404554098844528,-0.08091866970062256,interleaved,Hebbian
4,7,0.01824714057147503,0.06563418358564377,-0.08292083442211151,interleaved,Hebbian
4,8,0.017765942960977554,0.07235082238912582,-0.09138156473636627,interleaved,Hebbian
4,9,0.01859855093061924,0.07717086374759674,-0.09744871407747269,interleaved,Hebbian
4,10,0.01802522875368595,0.07979453355073929,-0.10074953734874725,interleaved,Hebbian
4,11,0.01821252889931202,0.0829576626420021,-0.10472741723060608,interleaved,Hebbian
4,12,0.017999498173594475,0.08660144358873367,-0.1093074381351471,interleaved,Hebbian
4,13,0.01800297573208809,0.09009858220815659,-0.11370068788528442,interleaved,Hebbian
4,14,0.01812754198908806,0.09123466908931732,-0.11512736231088638,interleaved,Hebbian
4,15,0.018026284873485565,0.09456155449151993,-0.11930368095636368,interleaved,Hebbian
4,16,0.017909005284309387,0.09510479867458344,-0.11998540908098221,interleaved,Hebbian
4,17,0.018535960465669632,0.0983017310500145,-0.12399598211050034,interleaved,Hebbian
4,18,0.017924604937434196,0.09882458299398422,-0.12465169280767441,interleaved,Hebbian
4,19,0.018097175285220146,0.09934470802545547,-0.12530392408370972,interleaved,Hebbian
4,20,0.018131518736481667,0.10341241955757141,-0.13040269911289215,interleaved,Hebbian
4,21,0.01792721636593342,0.10780717432498932,-0.1359071135520935,interleaved,Hebbian
4,22,0.018051743507385254,0.10923326760530472,-0.13769230246543884,interleaved,Hebbian
4,23,0.01807391457259655,0.11249140650033951,-0.14176897704601288,interleaved,Hebbian
4,24,0.018192753195762634,0.11565903574228287,-0.14572983980178833,interleaved,Hebbian
4,25,0.018192129209637642,0.1178702861070633,-0.14849330484867096,interleaved,Hebbian
4,26,0.018143130466341972,0.11961030960083008,-0.1506669670343399,interleaved,Hebbian
4,27,0.017934639006853104,0.12385521084070206,-0.15596634149551392,interleaved,Hebbian
4,28,0.01792852208018303,0.12755700945854187,-0.16058361530303955,interleaved,Hebbian
4,29,0.018204109743237495,0.128767728805542,-0.162092924118042,interleaved,Hebbian
4,30,0.01812943071126938,0.13036487996578217,-0.164083331823349,interleaved,Hebbian
4,31,0.01815561018884182,0.1335030049085617,-0.1679919809103012,interleaved,Hebbian
4,32,0.018245721235871315,0.13389021158218384,-0.16847404837608337,interleaved,Hebbian
4,33,0.017966391518712044,0.13466134667396545,-0.16943399608135223,interleaved,Hebbian
4,34,0.018058156594634056,0.1358100175857544,-0.1708635836839676,interleaved,Hebbian
4,35,0.01795324869453907,0.13770364224910736,-0.1732194572687149,interleaved,Hebbian
4,36,0.01780860498547554,0.139942929148674,-0.17600396275520325,interleaved,Hebbian
4,37,0.01806059293448925,0.14178261160850525,-0.17829041182994843,interleaved,Hebbian
4,38,0.0181643757969141,0.1428753286600113,-0.17964798212051392,interleaved,Hebbian
4,39,0.018150120973587036,0.14359928667545319,-0.18054722249507904,interleaved,Hebbian
4,40,0.01798643171787262,0.14610563218593597,-0.18365906178951263,interleaved,Hebbian
5,0,0.020231159403920174,0.007865256629884243,-0.00013742684677708894,interleaved,Hebbian
5,1,0.018314039334654808,0.05218351259827614,-0.0009125877404585481,interleaved,Hebbian
5,2,0.017880521714687347,0.055146340280771255,-0.000964543258305639,interleaved,Hebbian
5,3,0.01822051964700222,0.07242748886346817,-0.0012681233929470181,interleaved,Hebbian
5,4,0.018338153138756752,0.07863519340753555,-0.0013774362159892917,interleaved,Hebbian
5,5,0.01790652424097061,0.07863519340753555,-0.0013774362159892917,interleaved,Hebbian
5,6,0.018003271892666817,0.08059421926736832,-0.0014119654661044478,interleaved,Hebbian
5,7,0.01834675669670105,0.0825049951672554,-0.001445660018362105,interleaved,Hebbian
5,8,0.01751469075679779,0.0861949473619461,-0.0015107736689969897,interleaved,Hebbian
5,9,0.01804865151643753,0.09955204278230667,-0.001747014233842492,interleaved,Hebbian
5,10,0.01828586682677269,0.10987220704555511,-0.0019301829161122441,interleaved,Hebbian
5,11,0.01804938353598118,0.11399918049573898,-0.0020036031492054462,interleaved,Hebbian
5,12,0.017929377034306526,0.1192714050412178,-0.0020975503139197826,interleaved,Hebbian
5,13,0.018285101279616356,0.12795574963092804,-0.0022526925895363092,interleaved,Hebbian
5,14,0.018009664490818977,0.13149477541446686,-0.0023160637356340885,interleaved,Hebbian
5,15,0.01812765747308731,0.1371813714504242,-0.0024180791806429625,interleaved,Hebbian
5,16,0.018074413761496544,0.1436946839094162,-0.0025352248921990395,interleaved,Hebbian
5,17,0.017828358337283134,0.15192392468452454,-0.002683713100850582,interleaved,Hebbian
5,18,0.017924755811691284,0.15489116311073303,-0.002737391507253051,interleaved,Hebbian
5,19,0.01742718182504177,0.16345161199569702,-0.0028926830273121595,interleaved,Hebbian
5,20,0.018616696819663048,0.1689031422138214,-0.002991923363879323,interleaved,Hebbian
5,21,0.018126685172319412,0.16979360580444336,-0.0030081598088145256,interleaved,Hebbian
5,22,0.017599856480956078,0.1741730123758316,-0.003088124096393585,interleaved,Hebbian
5,23,0.018204424530267715,0.18011298775672913,-0.003196885110810399,interleaved,Hebbian
5,24,0.017928384244441986,0.18094447255134583,-0.0032121380791068077,interleaved,Hebbian
5,25,0.018039289861917496,0.18745353817939758,-0.0033317909110337496,interleaved,Hebbian
5,26,0.018152689561247826,0.19140051305294037,-0.0034045653883367777,interleaved,Hebbian
5,27,0.018096759915351868,0.19602330029010773,-0.003490018891170621,interleaved,Hebbian
5,28,0.01784593053162098,0.20347455143928528,-0.003628268139436841,interleaved,Hebbian
5,29,0.01810915768146515,0.20565246045589447,-0.0036687992978841066,interleaved,Hebbian
5,30,0.01852916181087494,0.20851755142211914,-0.0037222057580947876,interleaved,Hebbian
5,31,0.01777384802699089,0.21412146091461182,-0.003826954634860158,interleaved,Hebbian
5,32,0.01784691773355007,0.21549732983112335,-0.003852732479572296,interleaved,Hebbian
5,33,0.01899978145956993,0.2175431102514267,-0.0038911057636141777,interleaved,Hebbian
5,34,0.018124815076589584,0.2235560417175293,-0.004004206508398056,interleaved,Hebbian
5,35,0.01724087819457054,0.22552074491977692,-0.004041265230625868,interleaved,Hebbian
5,36,0.01809803768992424,0.22811099886894226,-0.004090202506631613,interleaved,Hebbian
5,37,0.01892651803791523,0.23066872358322144,-0.004138614516705275,interleaved,Hebbian
5,38,0.018176376819610596,0.23256632685661316,-0.004174590576440096,interleaved,Hebbian
5,39,0.01810823753476143,0.23754337430000305,-0.0042691887356340885,interleaved,Hebbian
5,40,0.01812893897294998,0.24240529537200928,-0.004361941944807768,interleaved,Hebbian
6,0,0.020943740382790565,0.006511216051876545,0.0034654950723052025,interleaved,Hebbian
6,1,0.018726196140050888,0.030937470495700836,0.016468442976474762,interleaved,Hebbian
6,2,0.019548043608665466,0.04269760847091675,0.022734781727194786,interleaved,Hebbian
6,3,0.01812855340540409,0.05931970477104187,0.03160347044467926,interleaved,Hebbian
6,4,0.01785418763756752,0.06106867268681526,0.03253761678934097,interleaved,Hebbian
6,5,0.017949478700757027,0.07210132479667664,0.0384354442358017,interleaved,Hebbian
6,6,0.01800142042338848,0.08414017409086227,0.04488266259431839,interleaved,Hebbian
6,7,0.01799446903169155,0.09572216123342514,0.05109843611717224,interleaved,Hebbian
6,8,0.018023688346147537,0.10304252058267593,0.05503464490175247,interleaved,Hebbian
6,9,0.018359726294875145,0.11080604791641235,0.059216152876615524,interleaved,Hebbian
6,10,0.018005993217229843,0.1153876855969429,0.06168747693300247,interleaved,Hebbian
6,11,0.017752736806869507,0.12150571495294571,0.06499195843935013,interleaved,Hebbian
6,12,0.018116582185029984,0.12732341885566711,0.06813916563987732,interleaved,Hebbian
6,13,0.017900343984365463,0.13131742179393768,0.07030272483825684,interleaved,Hebbian
6,14,0.017777487635612488,0.132101371884346,0.07072767615318298,interleaved,Hebbian
6,15,0.018254240974783897,0.1344250738620758,0.07198783755302429,interleaved,Hebbian
6,16,0.017978979274630547,0.1374606490135193,0.07363535463809967,interleaved,Hebbian
6,17,0.018109789118170738,0.13820885121822357,0.07404165714979172,interleaved,Hebbian
6,18,0.01793929934501648,0.14547361433506012,0.0779915377497673,interleaved,Hebbian
6,19,0.018064262345433235,0.14965853095054626,0.08027099817991257,interleaved,Hebbian
6,20,0.01779744029045105,0.15372616052627563,0.08248955011367798,interleaved,Hebbian
6,21,0.018035924062132835,0.1589827835559845,0.08536111563444138,interleaved,Hebbian
6,22,0.017932331189513206,0.16406556963920593,0.08814270794391632,interleaved,Hebbian
6,23,0.018137937411665916,0.16406556963920593,0.08814270794391632,interleaved,Hebbian
6,24,0.017869744449853897,0.1665467917919159,0.08950240164995193,interleaved,Hebbian
6,25,0.01797303557395935,0.16716113686561584,0.08983924984931946,interleaved,Hebbian
6,26,0.017823277041316032,0.17019835114479065,0.09150568395853043,interleaved,Hebbian
6,27,0.01813413016498089,0.17318032681941986,0.09314364939928055,interleaved,Hebbian
6,28,0.01780792511999607,0.17726758122444153,0.09539175778627396,interleaved,Hebbian
6,29,0.017613977193832397,0.18125899136066437,0.0975906029343605,interleaved,Hebbian
6,30,0.017716459929943085,0.18294180929660797,0.09851870685815811,interleaved,Hebbian
6,31,0.018223604187369347,0.18294180929660797,0.09851870685815811,interleaved,Hebbian
6,32,0.018254753202199936,0.1851607710123062,0.09974345564842224,interleaved,Hebbian
6,33,0.01780584640800953,0.1862599104642868,0.1003505289554596,interleaved,Hebbian
6,34,0.01771942339837551,0.19112427532672882,0.10304053872823715,interleaved,Hebbian
6,35,0.018256494775414467,0.19324511289596558,0.10421507805585861,interleaved,Hebbian
6,36,0.018019603565335274,0.19844327867031097,0.10709841549396515,interleaved,Hebbian
6,37,0.018169330433011055,0.20098942518234253,0.10851312428712845,interleaved,Hebbian
6,38,0.018338389694690704,0.2030021697282791,0.10963258147239685,interleaved,Hebbian
6,39,0.018077997490763664,0.206965833902359,0.11184008419513702,interleaved,Hebbian
6,40,0.01766280084848404,0.20843172073364258,0.11265749484300613,interleaved,Hebbian
7,0,0.020716460421681404,-0.009197556413710117,0.00864783301949501,interleaved,Hebbian
7,1,0.01903451420366764,-0.055598191916942596,0.05228095501661301,interleaved,Hebbian
7,2,0.01810094341635704,-0.06257394701242447,0.05884307995438576,interleaved,Hebbian
7,3,0.017797276377677917,-0.07974911481142044,0.0750042274594307,interleaved,Hebbian
7,4,0.01794707588851452,-0.09370189905166626,0.08813875913619995,interleaved,Hebbian
7,5,0.018040966242551804,-0.10946792364120483,0.1029873788356781,interleaved,Hebbian
7,6,0.01826217956840992,-0.11651955544948578,0.1096314862370491,interleaved,Hebbian
7,7,0.017864128574728966,-0.12632696330547333,0.11887525767087936,interleaved,Hebbian
7,8,0.0178740993142128,-0.13244213163852692,0.12464100122451782,interleaved,Hebbian
7,9,0.0180318932980299,-0.14247968792915344,0.1341085284948349,interleaved,Hebbian
7,10,0.018027737736701965,-0.1438530832529068,0.1354042887687683,interleaved,Hebbian
7,11,0.017815422266721725,-0.1438530832529068,0.1354042887687683,interleaved,Hebbian
7,12,0.01824980042874813,-0.15052048861980438,0.14169608056545258,interleaved,Hebbian
7,13,0.01802978850901127,-0.16298672556877136,0.15346598625183105,interleaved,Hebbian
7,14,0.017954332754015923,-0.16298672556877136,0.15346598625183105,interleaved,Hebbian
7,15,0.01788141392171383,-0.17113521695137024,0.16116377711296082,interleaved,Hebbian
7,16,0.018170317634940147,-0.1745016872882843,0.1643451452255249,interleaved,Hebbian
7,17,0.017594460397958755,-0.17670735716819763,0.16642987728118896,interleaved,Hebbian
7,18,0.01801345683634281,-0.18315117061138153,0.17252200841903687,interleaved,Hebbian
7,19,0.01818610168993473,-0.18315117061138153,0.17252200841903687,interleaved,Hebbian
7,20,0.01713874377310276,-0.18315117061138153,0.17252200841903687,interleaved,Hebbian
7,21,0.019025621935725212,-0.1842012256383896,0.17351499199867249,interleaved,Hebbian
7,22,0.017753370106220245,-0.19036847352981567,0.1793484091758728,interleaved,Hebbian
7,23,0.01819174364209175,-0.19632315635681152,0.184983029961586,interleaved,Hebbian
7,24,0.018069421872496605,-0.19922681152820587,0.18773147463798523,interleaved,Hebbian
7,25,0.01798459142446518,-0.2039644420146942,0.19221702218055725,interleaved,Hebbian
7,26,0.017507556825876236,-0.21129903197288513,0.19916434586048126,interleaved,Hebbian
7,27,0.017836645245552063,-0.21219590306282043,0.2000141143798828,interleaved,Hebbian
7,28,0.018242044374346733,-0.21574147045612335,0.20337405800819397,interleaved,Hebbian
7,29,0.018112272024154663,-0.2226419597864151,0.20991583168506622,interleaved,Hebbian
7,30,0.017631057649850845,-0.22683407366275787,0.21389174461364746,interleaved,Hebbian
7,31,0.018140645697712898,-0.23012512922286987,0.21701398491859436,interleaved,Hebbian
7,32,0.01811116561293602,-0.23575806617736816,0.22235991060733795,interleaved,Hebbian
7,33,0.016865044832229614,-0.23733924329280853,0.2238609790802002,interleaved,Hebbian
7,34,0.018025225028395653,-0.2396884262561798,0.22609150409698486,interleaved,Hebbian
7,35,0.018306255340576172,-0.24201123416423798,0.2282974123954773,interleaved,Hebbian
7,36,0.0179020743817091,-0.24808205664157867,0.2340647578239441,interleaved,Hebbian
7,37,0.017883051186800003,-0.25543415546417236,0.24105346202850342,interleaved,Hebbian
7,38,0.01765303686261177,-0.2583061754703522,0.24378474056720734,interleaved,Hebbian
7,39,0.017385976389050484,-0.26324304938316345,0.2484813630580902,interleaved,Hebbian
7,40,0.017779633402824402,-0.26807188987731934,0.25307726860046387,interleaved,Hebbian
8,0,0.04322348162531853,0.00019370554946362972,0.008114154450595379,interleaved,Hebbian
8,1,0.018569940701127052,0.001007624319754541,0.04218917712569237,interleaved,Hebbian
8,2,0.01788795366883278,0.001327474252320826,0.055548518896102905,interleaved,Hebbian
8,3,0.0187368243932724,0.0017468146979808807,0.07301831245422363,interleaved,Hebbian
8,4,0.018082553520798683,0.0020817783661186695,0.08692636340856552,interleaved,Hebbian
8,5,0.018261907622218132,0.0024077920243144035,0.10041476041078568,interleaved,Hebbian
8,6,0.018023142591118813,0.0025908127427101135,0.10796350240707397,interleaved,Hebbian
8,7,0.01748069003224373,0.0026605187449604273,0.11083375662565231,interleaved,Hebbian
8,8,0.01844487525522709,0.0027618110179901123,0.1149996966123581,interleaved,Hebbian
8,9,0.018119771033525467,0.0029229316860437393,0.1216137707233429,interleaved,Hebbian
8,10,0.017910508438944817,0.0030457882676273584,0.12664635479450226,interleaved,Hebbian
8,11,0.01809050887823105,0.0030457882676273584,0.12664635479450226,interleaved,Hebbian
8,12,0.018181556835770607,0.0031348299235105515,0.13028772175312042,interleaved,Hebbian
8,13,0.017802637070417404,0.003305877326056361,0.13726787269115448,interleaved,Hebbian
8,14,0.018397465348243713,0.003361005336046219,0.139513298869133,interleaved,Hebbian
8,15,0.018034426495432854,0.003468704642727971,0.1438937783241272,interleaved,Hebbian
8,16,0.01763937436044216,0.0035473955795168877,0.14708909392356873,interleaved,Hebbian
8,17,0.017933260649442673,0.003624431788921356,0.15021276473999023,interleaved,Hebbian
8,18,0.01802186667919159,0.003798313671723008,0.15724682807922363,interleaved,Hebbian
8,19,0.018183434382081032,0.004011222161352634,0.16582715511322021,interleaved,Hebbian
8,20,0.018135366961359978,0.004057080950587988,0.16767044365406036,interleaved,Hebbian
8,21,0.01790234073996544,0.004124956205487251,0.17039547860622406,interleaved,Hebbian
8,22,0.017856333404779434,0.004213834647089243,0.17395788431167603,interleaved,Hebbian
8,23,0.01758405566215515,0.004279341083019972,0.17657913267612457,interleaved,Hebbian
8,24,0.01781138963997364,0.00436523137614131,0.18001039326190948,interleaved,Hebbian
8,25,0.01903490722179413,0.004491151310503483,0.18502891063690186,interleaved,Hebbian
8,26,0.01806933805346489,0.004633976612240076,0.19070376455783844,interleaved,Hebbian
8,27,0.017981773242354393,0.0046939365565776825,0.19308051466941833,interleaved,Hebbian
8,28,0.018016647547483444,0.0048311310820281506,0.1985059380531311,interleaved,Hebbian
8,29,0.017925435677170753,0.004926941357553005,0.2022840976715088,interleaved,Hebbian
8,30,0.01815856248140335,0.004983604419976473,0.2045142948627472,interleaved,Hebbian
8,31,0.018151605501770973,0.00502104964107275,0.2059863656759262,interleaved,Hebbian
8,32,0.01798463985323906,0.005204529967159033,0.21317917108535767,interleaved,Hebbian
8,33,0.01760336384177208,0.00534712802618742,0.21874557435512543,interleaved,Hebbian
8,34,0.018172120675444603,0.0054863207042217255,0.2241586148738861,interleaved,Hebbian
8,35,0.018166901543736458,0.005571701563894749,0.227468803524971,interleaved,Hebbian
8,36,0.01804422400891781,0.00572246452793479,0.2332945466041565,interleaved,Hebbian
8,37,0.017759082838892937,0.00585352024063468,0.23833848536014557,interleaved,Hebbian
8,38,0.018210744485259056,0.005885872524231672,0.2395806908607483,interleaved,Hebbian
8,39,0.017094723880290985,0.005934103857725859,0.241430401802063,interleaved,Hebbian
8,40,0.01756695844233036,0.005950102582573891,0.2420434057712555,interleaved,Hebbian
9,0,0.018078560009598732,0.0039422656409442425,-0.001778616919182241,interleaved,Hebbian
9,1,0.01774277724325657,0.027291011065244675,-0.012315254658460617,interleaved,Hebbian
9,2,0.018272021785378456,0.03898259997367859,-0.017596310004591942,interleaved,Hebbian
9,3,0.018348878249526024,0.04364488273859024,-0.019703742116689682,interleaved,Hebbian
9,4,0.01814279891550541,0.04784918949007988,-0.021605024114251137,interleaved,Hebbian
9,5,0.01830768585205078,0.053175266832113266,-0.0240149088203907,interleaved,Hebbian
9,6,0.017958158627152443,0.0586710162460804,-0.026503272354602814,interleaved,Hebbian
9,7,0.01809275522828102,0.06123417615890503,-0.027664460241794586,interleaved,Hebbian
9,8,0.018279489129781723,0.06308840215206146,-0.02850475162267685,interleaved,Hebbian
9,9,0.018046211451292038,0.06488987058401108,-0.02932136133313179,interleaved,Hebbian
9,10,0.018243445083498955,0.06778660416603088,-0.030634930357336998,interleaved,Hebbian
9,11,0.017908545210957527,0.06946708261966705,-0.0313972532749176,interleaved,Hebbian
9,12,0.017908263951539993,0.07271263748407364,-0.03287015110254288,interleaved,Hebbian
9,13,0.018346711993217468,0.07582082599401474,-0.03428149223327637,interleaved,Hebbian
9,14,0.018246762454509735,0.08073905110359192,-0.036516349762678146,interleaved,Hebbian
9,15,0.017843009904026985,0.083553247153759,-0.03779607638716698,interleaved,Hebbian
9,16,0.018122393637895584,0.087608203291893,-0.039641305804252625,interleaved,Hebbian
9,17,0.018034640699625015,0.09148720651865005,-0.04140793904662132,interleaved,Hebbian
9,18,0.018011504784226418,0.09480506926774979,-0.04292020574212074,interleaved,Hebbian
9,19,0.017967665567994118,0.09561699628829956,-0.04329044744372368,interleaved,Hebbian
9,20,0.018108787015080452,0.09722105413675308,-0.04402210935950279,interleaved,Hebbian
9,21,0.01822710782289505,0.09840739518404007,-0.0445634201169014,interleaved,Hebbian
9,22,0.018046613782644272,0.09996790438890457,-0.04527568072080612,interleaved,Hebbian
9,23,0.017810359597206116,0.10302010178565979,-0.04666956141591072,interleaved,Hebbian
9,24,0.01815403439104557,0.10488401353359222,-0.04752130061388016,interleaved,Hebbian
9,25,0.01811610907316208,0.10744094103574753,-0.048690371215343475,interleaved,Hebbian
9,26,0.01796027645468712,0.11064457148313522,-0.05015622079372406,interleaved,Hebbian
9,27,0.01800120249390602,0.11169276386499405,-0.05063609778881073,interleaved,Hebbian
9,28,0.018322529271245003,0.11341903358697891,-0.05142670497298241,interleaved,Hebbian
9,29,0.018170299008488655,0.11612975597381592,-0.05266893655061722,interleaved,Hebbian
9,30,0.017925992608070374,0.11746259778738022,-0.05328007787466049,interleaved,Hebbian
9,31,0.018315697088837624,0.12040980160236359,-0.0546322725713253,interleaved,Hebbian
9,32,0.01803196407854557,0.12073302268981934,-0.054780635982751846,interleaved,Hebbian
9,33,0.017797095701098442,0.12169775366783142,-0.05522355064749718,interleaved,Hebbian
9,34,0.018003633245825768,0.1226552352309227,-0.05566325783729553,interleaved,Hebbian
9,35,0.018208518624305725,0.12423539161682129,-0.05638919770717621,interleaved,Hebbian
9,36,0.018174150958657265,0.1257966160774231,-0.05710677057504654,interleaved,Hebbian
9,37,0.018096324056386948,0.12672455608844757,-0.05753343552350998,interleaved,Hebbian
9,38,0.017992550507187843,0.12733961641788483,-0.05781630426645279,interleaved,Hebbian
9,39,0.018186336383223534,0.128865048289299,-0.05851808935403824,interleaved,Hebbian
9,40,0.018222885206341743,0.1297721266746521,-0.058935556560754776,interleaved,Hebbian
0,0,0.018439145758748055,-0.00581746082752943,-0.0004959678626619279,blocked,Hebbian
0,1,0.01763172075152397,-0.019916141405701637,-0.0016979919746518135,blocked,Hebbian
0,2,0.022792313247919083,-0.03312518075108528,-0.0028249670285731554,blocked,Hebbian
0,3,0.017806071788072586,-0.044056132435798645,-0.0037586218677461147,blocked,Hebbian
0,4,0.017631705850362778,-0.044056132435798645,-0.0037586218677461147,blocked,Hebbian
0,5,0.018613358959555626,-0.05423556640744209,-0.004629259929060936,blocked,Hebbian
0,6,0.018724676221609116,-0.05423556640744209,-0.004629259929060936,blocked,Hebbian
0,7,0.017760975286364555,-0.061407774686813354,-0.005243527237325907,blocked,Hebbian
0,8,0.018512802198529243,-0.07251586019992828,-0.006196499802172184,blocked,Hebbian
0,9,0.01822444051504135,-0.0779942199587822,-0.006667311303317547,blocked,Hebbian
0,10,0.018049458041787148,-0.08210983127355576,-0.0070213982835412025,blocked,Hebbian
0,11,0.01802052929997444,-0.08791722357273102,-0.00752165075391531,blocked,Hebbian
0,12,0.018692387267947197,-0.09423478692770004,-0.00806671753525734,blocked,Hebbian
0,13,0.017966197803616524,-0.0976589173078537,-0.008362545631825924,blocked,Hebbian
0,14,0.018222644925117493,-0.10177494585514069,-0.00871854368597269,blocked,Hebbian
0,15,0.018078163266181946,-0.10803049802780151,-0.009260452352464199,blocked,Hebbian
0,16,0.018589457497000694,-0.11393848061561584,-0.009773261845111847,blocked,Hebbian
0,17,0.018053943291306496,-0.11817312240600586,-0.010141462087631226,blocked,Hebbian
0,18,0.01803017035126686,-0.12091268599033356,-0.01037995982915163,blocked,Hebbian
0,19,0.01818932220339775,-0.12225911021232605,-0.010497262701392174,blocked,Hebbian
0,20,0.018067771568894386,-0.12359065562486649,-0.010613326914608479,blocked,Hebbian
0,21,0.018132751807570457,-0.12425099313259125,-0.010670906864106655,blocked,Hebbian
0,22,0.01810496672987938,-0.12556110322475433,-0.010785186663269997,blocked,Hebbian
0,23,0.017967589199543,-0.12877720594406128,-0.01106596551835537,blocked,Hebbian
0,24,0.018283262848854065,-0.13436943292617798,-0.01155503373593092,blocked,Hebbian
0,25,0.018071472644805908,-0.13796977698802948,-0.011870487593114376,blocked,Hebbian
0,26,0.018042949959635735,-0.13914884626865387,-0.01197389792650938,blocked,Hebbian
0,27,0.018005523830652237,-0.14147701859474182,-0.012178242206573486,blocked,Hebbian
0,28,0.0176757350564003,-0.1437668651342392,-0.012379420921206474,blocked,Hebbian
0,29,0.01803899183869362,-0.14657801389694214,-0.01262667402625084,blocked,Hebbian
0,30,0.018670840188860893,-0.14768721163272858,-0.012724319472908974,blocked,Hebbian
0,31,0.01788998208940029,-0.1504238098859787,-0.012965435162186623,blocked,Hebbian
0,32,0.01746366359293461,-0.15257710218429565,-0.013155369088053703,blocked,Hebbian
0,33,0.01998784765601158,-0.1552259474992752,-0.013389273546636105,blocked,Hebbian
0,34,0.01775924302637577,-0.1573122888803482,-0.01357371173799038,blocked,Hebbian
0,35,0.017993709072470665,-0.16038990020751953,-0.013846120797097683,blocked,Hebbian
0,36,0.01806502416729927,-0.16489647328853607,-0.014245757833123207,blocked,Hebbian
0,37,0.01792333461344242,-0.1658809632062912,-0.014333180151879787,blocked,Hebbian
0,38,0.018010485917329788,-0.16879922151565552,-0.014592578634619713,blocked,Hebbian
0,39,0.01797371171414852,-0.1697605848312378,-0.014678116887807846,blocked,Hebbian
0,40,0.017838288098573685,-0.1740194857120514,-0.01505757961422205,blocked,Hebbian
1,0,0.024231547489762306,0.009637800976634026,0.004140734672546387,blocked,Hebbian
1,1,0.020010637119412422,0.03839671611785889,0.016499793156981468,blocked,Hebbian
1,2,0.018143095076084137,0.05310317128896713,0.022830087691545486,blocked,Hebbian
1,3,0.017797371372580528,0.07369116693735123,0.03171244263648987,blocked,Hebbian
1,4,0.017685262486338615,0.0940992534160614,0.04054925963282585,blocked,Hebbian
1,5,0.019256912171840668,0.11255092173814774,0.04857434704899788,blocked,Hebbian
1,6,0.0177889633923769,0.12325932830572128,0.0532500222325325,blocked,Hebbian
1,7,0.01864229142665863,0.12495024502277374,0.05398968979716301,blocked,Hebbian
1,8,0.018546665087342262,0.13769210875034332,0.05957622081041336,blocked,Hebbian
1,9,0.018274053931236267,0.15204071998596191,0.0658964142203331,blocked,Hebbian
1,10,0.0179801806807518,0.1650657057762146,0.07166322320699692,blocked,Hebbian
1,11,0.018632937222719193,0.1711786538362503,0.07438026368618011,blocked,Hebbian
1,12,0.017944801598787308,0.17821432650089264,0.07751623541116714,blocked,Hebbian
1,13,0.01788327656686306,0.18930816650390625,0.08248123526573181,blocked,Hebbian
1,14,0.018010033294558525,0.19249935448169708,0.08391422778367996,blocked,Hebbian
1,15,0.01834201253950596,0.19972623884677887,0.08716769516468048,blocked,Hebbian
1,16,0.017985088750720024,0.20764346420764923,0.09074559807777405,blocked,Hebbian
1,17,0.017689673230051994,0.2086094468832016,0.0911831483244896,blocked,Hebbian
1,18,0.01821204647421837,0.20957042276859283,0.09161864966154099,blocked,Hebbian
1,19,0.018151013180613518,0.2161625325679779,0.09461217373609543,blocked,Hebbian
1,20,0.01790451817214489,0.2225339710712433,0.09751579165458679,blocked,Hebbian
1,21,0.017728213220834732,0.22696031630039215,0.0995391383767128,blocked,Hebbian
1,22,0.01753811165690422,0.23299545049667358,0.10230626910924911,blocked,Hebbian
1,23,0.018116164952516556,0.23636437952518463,0.10385524481534958,blocked,Hebbian
1,24,0.018111059442162514,0.24455156922340393,0.10763288289308548,blocked,Hebbian
1,25,0.017647994682192802,0.24694597721099854,0.10874132066965103,blocked,Hebbian
1,26,0.017727242782711983,0.2508770227432251,0.11056478321552277,blocked,Hebbian
1,27,0.017979707568883896,0.2570193111896515,0.11342325806617737,blocked,Hebbian
1,28,0.017972256988286972,0.26151371002197266,0.11552224308252335,blocked,Hebbian
1,29,0.01817128248512745,0.26736587285995483,0.11826494336128235,blocked,Hebbian
1,30,0.018067635595798492,0.269521027803421,0.11927778273820877,blocked,Hebbian
1,31,0.01810402423143387,0.269521027803421,0.11927778273820877,blocked,Hebbian
1,32,0.01817340776324272,0.27236253023147583,0.12061550468206406,blocked,Hebbian
1,33,0.018090745434165,0.27306729555130005,0.1209477111697197,blocked,Hebbian
1,34,0.017573663964867592,0.27793973684310913,0.12324906140565872,blocked,Hebbian
1,35,0.01798621378839016,0.2806776165962219,0.12454577535390854,blocked,Hebbian
1,36,0.018751204013824463,0.2806776165962219,0.12454577535390854,blocked,Hebbian
1,37,0.017974764108657837,0.2840544283390045,0.12614868581295013,blocked,Hebbian
1,38,0.017919808626174927,0.2847238779067993,0.12646692991256714,blocked,Hebbian
1,39,0.018751781433820724,0.28804221749305725,0.12804679572582245,blocked,Hebbian
1,40,0.018126728013157845,0.29196250438690186,0.12991836667060852,blocked,Hebbian
2,0,0.0606752373278141,0.009392637759447098,0.005071284715086222,blocked,Hebbian
2,1,0.018029596656560898,0.04915265738964081,0.026550229638814926,blocked,Hebbian
2,2,0.020132269710302353,0.07409396767616272,0.04006252810359001,blocked,Hebbian
2,3,0.018318338319659233,0.0769636407494545,0.041620220988988876,blocked,Hebbian
2,4,0.018320364877581596,0.0874616801738739,0.04732503741979599,blocked,Hebbian
2,5,0.01769605278968811,0.10318928956985474,0.055892813950777054,blocked,Hebbian
2,6,0.01986466906964779,0.11303365230560303,0.06127035990357399,blocked,Hebbian
2,7,0.018102243542671204,0.12030298262834549,0.06524940580129623,blocked,Hebbian
2,8,0.01768300123512745,0.13360141217708588,0.07254821062088013,blocked,Hebbian
2,9,0.01845228299498558,0.14705383777618408,0.07995984703302383,blocked,Hebbian
2,10,0.018662478774785995,0.15125545859336853,0.08228106796741486,blocked,Hebbian
2,11,0.018006453290581703,0.15930350124835968,0.08673619478940964,blocked,Hebbian
2,12,0.018260974436998367,0.1669352948665619,0.09097230434417725,blocked,Hebbian
2,13,0.017959315329790115,0.16939666867256165,0.09234097599983215,blocked,Hebbian
2,14,0.018204035237431526,0.1706129014492035,0.09301772713661194,blocked,Hebbian
2,15,0.01808486133813858,0.17887510359287262,0.09762328118085861,blocked,Hebbian
2,16,0.01819686032831669,0.18452979624271393,0.1007838323712349,blocked,Hebbian
2,17,0.01773565262556076,0.19107316434383392,0.1044500544667244,blocked,Hebbian
2,18,0.018802691251039505,0.19737732410430908,0.10799170285463333,blocked,Hebbian
2,19,0.018329186365008354,0.20544911921024323,0.11254049837589264,blocked,Hebbian
2,20,0.017894485965371132,0.2131795436143875,0.11691240221261978,blocked,Hebbian
2,21,0.01897439733147621,0.22151318192481995,0.12164317816495895,blocked,Hebbian
2,22,0.01807292178273201,0.2224172204732895,0.122157521545887,blocked,Hebbian
2,23,0.017764879390597343,0.2251044511795044,0.1236877292394638,blocked,Hebbian
2,24,0.019203174859285355,0.2251044511795044,0.1236877292394638,blocked,Hebbian
2,25,0.018091492354869843,0.23037123680114746,0.12669280171394348,blocked,Hebbian
2,26,0.017956223338842392,0.23718450963497162,0.1305922269821167,blocked,Hebbian
2,27,0.018141770735383034,0.23885264992713928,0.13154904544353485,blocked,Hebbian
2,28,0.018171578645706177,0.24296464025974274,0.13391126692295074,blocked,Hebbian
2,29,0.018251314759254456,0.24619647860527039,0.13577154278755188,blocked,Hebbian
2,30,0.0181555338203907,0.25095269083976746,0.13851520419120789,blocked,Hebbian
2,31,0.018077313899993896,0.25560450553894043,0.14120572805404663,blocked,Hebbian
2,32,0.01801590994000435,0.26015767455101013,0.1438460797071457,blocked,Hebbian
2,33,0.018078625202178955,0.2616543769836426,0.14471553266048431,blocked,Hebbian
2,34,0.018066566437482834,0.26681363582611084,0.14771845936775208,blocked,Hebbian
2,35,0.018060807138681412,0.2725660502910614,0.15107756853103638,blocked,Hebbian
2,36,0.018030304461717606,0.27886563539505005,0.15476976335048676,blocked,Hebbian
2,37,0.018123110756278038,0.284322053194046,0.1579795777797699,blocked,Hebbian
2,38,0.01808955892920494,0.28633517026901245,0.1591666340827942,blocked,Hebbian
2,39,0.018125731498003006,0.29161927103996277,0.16228988766670227,blocked,Hebbian
2,40,0.017972828820347786,0.2922714054584503,0.16267609596252441,blocked,Hebbian
3,0,0.03408994525671005,-0.00098107336089015,-0.009096278809010983,blocked,Hebbian
3,1,0.017628900706768036,-0.004671499133110046,-0.04329564422369003,blocked,Hebbian
3,2,0.01778549514710903,-0.00716443033888936,-0.06632562726736069,blocked,Hebbian
3,3,0.019614864140748978,-0.008116309531033039,-0.0750943198800087,blocked,Hebbian
3,4,0.018449312075972557,-0.009230022318661213,-0.08533225953578949,blocked,Hebbian
3,5,0.018198946490883827,-0.010220942087471485,-0.09441941976547241,blocked,Hebbian
3,6,0.018196875229477882,-0.011547412723302841,-0.10654731839895248,blocked,Hebbian
3,7,0.01732419990003109,-0.012352525256574154,-0.11388616263866425,blocked,Hebbian
3,8,0.020295199006795883,-0.012736018747091293,-0.11737547814846039,blocked,Hebbian
3,9,0.017308790236711502,-0.014167048037052155,-0.13035748898983002,blocked,Hebbian
3,10,0.019506145268678665,-0.015152685344219208,-0.13926126062870026,blocked,Hebbian
3,11,0.01805434562265873,-0.01562252826988697,-0.14349406957626343,blocked,Hebbian
3,12,0.018050309270620346,-0.016522876918315887,-0.15158353745937347,blocked,Hebbian
3,13,0.018157005310058594,-0.01765354536473751,-0.16169993579387665,blocked,Hebbian
3,14,0.018289456143975258,-0.018457308411598206,-0.16886119544506073,blocked,Hebbian
3,15,0.01812942698597908,-0.019102061167359352,-0.17458683252334595,blocked,Hebbian
3,16,0.018130412325263023,-0.019849058240652084,-0.18119864165782928,blocked,Hebbian
3,17,0.017920713871717453,-0.020092111080884933,-0.1833447962999344,blocked,Hebbian
3,18,0.01797071285545826,-0.02068774402141571,-0.18859323859214783,blocked,Hebbian
3,19,0.01804116927087307,-0.02138150855898857,-0.19468633830547333,blocked,Hebbian
3,20,0.017956046387553215,-0.022164689376950264,-0.20153813064098358,blocked,Hebbian
3,21,0.017896810546517372,-0.022922413423657417,-0.2081395983695984,blocked,Hebbian
3,22,0.01860382780432701,-0.02344943769276142,-0.21271474659442902,blocked,Hebbian
3,23,0.01813148707151413,-0.02386314421892166,-0.21629652380943298,blocked,Hebbian
3,24,0.01776796020567417,-0.023965518921613693,-0.21718154847621918,blocked,Hebbian
3,25,0.017968907952308655,-0.024571344256401062,-0.2224079966545105,blocked,Hebbian
3,26,0.01772143505513668,-0.025454720482230186,-0.229994997382164,blocked,Hebbian
3,27,0.018111662939190865,-0.025933334603905678,-0.23408855497837067,blocked,Hebbian
3,28,0.01810976304113865,-0.025933334603905678,-0.23408855497837067,blocked,Hebbian
3,29,0.018283087760210037,-0.025933334603905678,-0.23408855497837067,blocked,Hebbian
3,30,0.017563890665769577,-0.026028074324131012,-0.2348974049091339,blocked,Hebbian
3,31,0.017624443396925926,-0.026774780824780464,-0.24125559628009796,blocked,Hebbian
3,32,0.019131775945425034,-0.027231840416789055,-0.2451324462890625,blocked,Hebbian
3,33,0.01802365481853485,-0.027412692084908485,-0.24666328728199005,blocked,Hebbian
3,34,0.017561087384819984,-0.027592452242970467,-0.24818307161331177,blocked,Hebbian
3,35,0.01749275252223015,-0.02821331098675728,-0.2534182071685791,blocked,Hebbian
3,36,0.017662495374679565,-0.028388408944010735,-0.25489071011543274,blocked,Hebbian
3,37,0.01757705770432949,-0.02847558818757534,-0.2556231915950775,blocked,Hebbian
3,38,0.01813831739127636,-0.029164448380470276,-0.2613956928253174,blocked,Hebbian
3,39,0.01799055188894272,-0.02967151626944542,-0.26562726497650146,blocked,Hebbian
3,40,0.0177743099629879,-0.03049960732460022,-0.2725053131580353,blocked,Hebbian
4,0,0.0190932285040617,-0.007201735861599445,0.004506394732743502,blocked,Hebbian
4,1,0.01831788197159767,-0.0546688511967659,0.0342307947576046,blocked,Hebbian
4,2,0.018576158210635185,-0.06131301447749138,0.03839953988790512,blocked,Hebbian
4,3,0.018265604972839355,-0.07942479848861694,0.049779947847127914,blocked,Hebbian
4,4,0.01796163246035576,-0.08407890796661377,0.05270885303616524,blocked,Hebbian
4,5,0.018474822863936424,-0.08848153054714203,0.05548140034079552,blocked,Hebbian
4,6,0.018020132556557655,-0.09667064994573593,0.06064380705356598,blocked,Hebbian
4,7,0.018126582726836205,-0.10420063138008118,0.06539727002382278,blocked,Hebbian
4,8,0.017910977825522423,-0.10776282101869583,0.06764831393957138,blocked,Hebbian
4,9,0.01846536435186863,-0.11007165908813477,0.06910818070173264,blocked,Hebbian
4,10,0.01800321787595749,-0.11671622097492218,0.07331333309412003,blocked,Hebbian
4,11,0.018006162717938423,-0.12299125641584396,0.07729010283946991,blocked,Hebbian
4,12,0.018001047894358635,-0.1250106394290924,0.07857105880975723,blocked,Hebbian
4,13,0.01817331649363041,-0.1250106394290924,0.07857105880975723,blocked,Hebbian
4,14,0.018051614984869957,-0.1289513260126114,0.08107246458530426,blocked,Hebbian
4,15,0.018113618716597557,-0.13277097046375275,0.08349927514791489,blocked,Hebbian
4,16,0.018346259370446205,-0.13919416069984436,0.08758541941642761,blocked,Hebbian
4,17,0.0179142989218235,-0.1409735381603241,0.08871855586767197,blocked,Hebbian
4,18,0.01800653152167797,-0.1444639265537262,0.09094280749559402,blocked,Hebbian
4,19,0.018177855759859085,-0.1461765617132187,0.0920349508523941,blocked,Hebbian
4,20,0.018184378743171692,-0.1461765617132187,0.0920349508523941,blocked,Hebbian
4,21,0.018131528049707413,-0.15201248228549957,0.0957603007555008,blocked,Hebbian
4,22,0.017994193360209465,-0.15524448454380035,0.09782606363296509,blocked,Hebbian
4,23,0.018103571608662605,-0.15762297809123993,0.09934752434492111,blocked,Hebbian
4,24,0.018139857798814774,-0.16073696315288544,0.10134104639291763,blocked,Hebbian
4,25,0.017929980531334877,-0.16454248130321503,0.10377980023622513,blocked,Hebbian
4,26,0.018012790009379387,-0.16678199172019958,0.10521630197763443,blocked,Hebbian
4,27,0.017920373007655144,-0.1726045459508896,0.10895578563213348,blocked,Hebbian
4,28,0.01844126358628273,-0.17402806878089905,0.10987108200788498,blocked,Hebbian
4,29,0.01781214214861393,-0.17543938755989075,0.11077894270420074,blocked,Hebbian
4,30,0.018089918419718742,-0.1782265454530716,0.11257307976484299,blocked,Hebbian
4,31,0.017891064286231995,-0.1809682548046112,0.11433956027030945,blocked,Hebbian
4,32,0.018229443579912186,-0.18299594521522522,0.11564704775810242,blocked,Hebbian
4,33,0.0180899016559124,-0.1876366287469864,0.1186428964138031,blocked,Hebbian
4,34,0.018025202676653862,-0.19087789952754974,0.1207381933927536,blocked,Hebbian
4,35,0.018496615812182426,-0.19656845927238464,0.12442270666360855,blocked,Hebbian
4,36,0.01824340783059597,-0.200266033411026,0.126820906996727,blocked,Hebbian
4,37,0.018065320327878,-0.20389162003993988,0.12917564809322357,blocked,Hebbian
4,38,0.017767610028386116,-0.20567861199378967,0.13033746182918549,blocked,Hebbian
4,39,0.01813361980021,-0.2109416127204895,0.1337638795375824,blocked,Hebbian
4,40,0.018146414309740067,-0.2126646488904953,0.1348871886730194,blocked,Hebbian
5,0,0.020231159403920174,0.004721476696431637,-0.0036746643017977476,blocked,Hebbian
5,1,0.017895188182592392,0.029401924461126328,-0.022885523736476898,blocked,Hebbian
5,2,0.01856003887951374,0.037898048758506775,-0.029501719400286674,blocked,Hebbian
5,3,0.017892982810735703,0.039368707686662674,-0.03064720146358013,blocked,Hebbian
5,4,0.018848229199647903,0.049546658992767334,-0.038576990365982056,blocked,Hebbian
5,5,0.018146025016903877,0.05695173144340515,-0.04434927925467491,blocked,Hebbian
5,6,0.017972609028220177,0.06077373027801514,-0.04732963815331459,blocked,Hebbian
5,7,0.018012747168540955,0.06608917564153671,-0.05147593468427658,blocked,Hebbian
5,8,0.01820971444249153,0.06940507143735886,-0.0540633462369442,blocked,Hebbian
5,9,0.018207993358373642,0.07256857305765152,-0.05653250217437744,blocked,Hebbian
5,10,0.017765305936336517,0.07851222902536392,-0.06117343157529831,blocked,Hebbian
5,11,0.01828443817794323,0.08336492627859116,-0.0649644061923027,blocked,Hebbian
5,12,0.018247302621603012,0.08730965852737427,-0.06804739683866501,blocked,Hebbian
5,13,0.017954867333173752,0.0885855183005333,-0.0690448135137558,blocked,Hebbian
5,14,0.017854297533631325,0.0923074260354042,-0.07195520401000977,blocked,Hebbian
5,15,0.018319861963391304,0.09588515758514404,-0.07475396990776062,blocked,Hebbian
5,16,0.017913280054926872,0.10045796632766724,-0.0783328041434288,blocked,Hebbian
5,17,0.017778748646378517,0.1053662821650505,-0.08217640966176987,blocked,Hebbian
5,18,0.017853541299700737,0.10903194546699524,-0.08504845947027206,blocked,Hebbian
5,19,0.018554076552391052,0.11207912117242813,-0.08743694424629211,blocked,Hebbian
5,20,0.018110910430550575,0.11455695331096649,-0.08937986940145493,blocked,Hebbian
5,21,0.018061764538288116,0.11793913692235947,-0.09203296899795532,blocked,Hebbian
5,22,0.017685381695628166,0.11935954540967941,-0.09314756095409393,blocked,Hebbian
5,23,0.018418757244944572,0.1226104199886322,-0.09569936990737915,blocked,Hebbian
5,24,0.01812147907912731,0.12533041834831238,-0.09783536940813065,blocked,Hebbian
5,25,0.018023015931248665,0.12843166291713715,-0.10027184337377548,blocked,Hebbian
5,26,0.017769448459148407,0.12973831593990326,-0.1012987568974495,blocked,Hebbian
5,27,0.01823437213897705,0.13273772597312927,-0.10365679860115051,blocked,Hebbian
5,28,0.018172159790992737,0.136085644364357,-0.10629013180732727,blocked,Hebbian
5,29,0.017806166782975197,0.1393541395664215,-0.10886237770318985,blocked,Hebbian
5,30,0.017735682427883148,0.1401595026254654,-0.10949640721082687,blocked,Hebbian
5,31,0.019134847447276115,0.14056047797203064,-0.10981210321187973,blocked,Hebbian
5,32,0.017991308122873306,0.143728569149971,-0.11230716854333878,blocked,Hebbian
5,33,0.017788030207157135,0.14721232652664185,-0.11505240947008133,blocked,Hebbian
5,34,0.018085528165102005,0.14911308884620667,-0.11655095219612122,blocked,Hebbian
5,35,0.018140718340873718,0.1502421796321869,-0.11744135618209839,blocked,Hebbian
5,36,0.017854485660791397,0.1502421796321869,-0.11744135618209839,blocked,Hebbian
5,37,0.017771560698747635,0.1521056592464447,-0.11891129612922668,blocked,Hebbian
5,38,0.0181107334792614,0.1543126255273819,-0.12065279483795166,blocked,Hebbian
5,39,0.01815974712371826,0.15540453791618347,-0.1215146854519844,blocked,Hebbian
5,40,0.01772942952811718,0.15792346000671387,-0.12350364029407501,blocked,Hebbian
6,0,0.020943740382790565,-0.00013076304458081722,0.002363169100135565,blocked,Hebbian
6,1,0.01986393891274929,-0.000859553343616426,0.015532764606177807,blocked,Hebbian
6,2,0.017408937215805054,-0.0009085868950933218,0.01641862280666828,blocked,Hebbian
6,3,0.02047085575759411,-0.0009085868950933218,0.01641862280666828,blocked,Hebbian
6,4,0.017625179141759872,-0.0011585596948862076,0.020934101194143295,blocked,Hebbian
6,5,0.01950678788125515,-0.0013935236493125558,0.025177324190735817,blocked,Hebbian
6,6,0.01755336858332157,-0.0014827442355453968,0.026788223534822464,blocked,Hebbian
6,7,0.018703315407037735,-0.0014827442355453968,0.026788223534822464,blocked,Hebbian
6,8,0.017731161788105965,-0.001593922614119947,0.028795283287763596,blocked,Hebbian
6,9,0.017812451347708702,-0.0016978370258584619,0.030670901760458946,blocked,Hebbian
6,10,0.01810435578227043,-0.001842806814238429,0.033287014812231064,blocked,Hebbian
6,11,0.018080880865454674,-0.0019112095469608903,0.03452117368578911,blocked,Hebbian
6,12,0.017727820202708244,-0.0020201399456709623,0.03648623079061508,blocked,Hebbian
6,13,0.01788535714149475,-0.002082809340208769,0.03761656954884529,blocked,Hebbian
6,14,0.018082743510603905,-0.0021436824463307858,0.03871437534689903,blocked,Hebbian
6,15,0.01785902865231037,-0.0021833416540175676,0.03942952677607536,blocked,Hebbian
6,16,0.01779760979115963,-0.0022983134258538485,0.04150239750742912,blocked,Hebbian
6,17,0.018398774787783623,-0.002407946391031146,0.04347852244973183,blocked,Hebbian
6,18,0.017930950969457626,-0.002495743101462722,0.04506068676710129,blocked,Hebbian
6,19,0.017950262874364853,-0.0025973189622163773,0.046890728175640106,blocked,Hebbian
6,20,0.018219133839011192,-0.002613878808915615,0.04718903824687004,blocked,Hebbian
6,21,0.017949959263205528,-0.0027270964346826077,0.04922819510102272,blocked,Hebbian
6,22,0.01800893433392048,-0.0027586272917687893,0.04979598894715309,blocked,Hebbian
6,23,0.018056893721222878,-0.002835990861058235,0.05118890851736069,blocked,Hebbian
6,24,0.01754428818821907,-0.002866379451006651,0.05173597112298012,blocked,Hebbian
6,25,0.01818309910595417,-0.0029995101504027843,0.054132066667079926,blocked,Hebbian
6,26,0.017943335697054863,-0.003056917805224657,0.05516500771045685,blocked,Hebbian
6,27,0.01826777309179306,-0.0031550119165331125,0.05692961439490318,blocked,Hebbian
6,28,0.01800472103059292,-0.0032368700485676527,0.05840175226330757,blocked,Hebbian
6,29,0.017975395545363426,-0.003329992527142167,0.06007600203156471,blocked,Hebbian
6,30,0.017651420086622238,-0.0033950514625757933,0.061245404183864594,blocked,Hebbian
6,31,0.018140291795134544,-0.0034842398017644882,0.06284810602664948,blocked,Hebbian
6,32,0.01814625971019268,-0.003521823789924383,0.06352334469556808,blocked,Hebbian
6,33,0.017957624047994614,-0.003620289731770754,0.06529197841882706,blocked,Hebbian
6,34,0.01803172379732132,-0.003704475238919258,0.06680360436439514,blocked,Hebbian
6,35,0.017798608168959618,-0.0037869492080062628,0.06828407198190689,blocked,Hebbian
6,36,0.018175048753619194,-0.003844873048365116,0.0693235844373703,blocked,Hebbian
6,37,0.018117213621735573,-0.003935942426323891,0.0709574744105339,blocked,Hebbian
6,38,0.01804441772401333,-0.0040030162781476974,0.07216048240661621,blocked,Hebbian
6,39,0.017892131581902504,-0.004036176949739456,0.0727551281452179,blocked,Hebbian
6,40,0.01782243512570858,-0.004112619441002607,0.07412561029195786,blocked,Hebbian
7,0,0.020716460421681404,0.0011102509452030063,0.007411107886582613,blocked,Hebbian
7,1,0.023465370759367943,0.005770660005509853,0.038505736738443375,blocked,Hebbian
7,2,0.01768467389047146,0.008716047741472721,0.05810997635126114,blocked,Hebbian
7,3,0.01809455081820488,0.010300252586603165,0.0686291754245758,blocked,Hebbian
7,4,0.018025655299425125,0.012654147110879421,0.08421749621629715,blocked,Hebbian
7,5,0.017842119559645653,0.013119530864059925,0.08729271590709686,blocked,Hebbian
7,6,0.017702579498291016,0.015036429278552532,0.09993303567171097,blocked,Hebbian
7,7,0.017984535545110703,0.016189277172088623,0.10751292109489441,blocked,Hebbian
7,8,0.01749650575220585,0.01673622988164425,0.11110279709100723,blocked,Hebbian
7,9,0.019484084099531174,0.017266081646084785,0.11457641422748566,blocked,Hebbian
7,10,0.017495322972536087,0.018115276470780373,0.12013503164052963,blocked,Hebbian
7,11,0.017964370548725128,0.018927086144685745,0.12543867528438568,blocked,Hebbian
7,12,0.018197854980826378,0.020308470353484154,0.13443920016288757,blocked,Hebbian
7,13,0.017859315499663353,0.02118067629635334,0.14010564982891083,blocked,Hebbian
7,14,0.018165601417422295,0.02160397171974182,0.1428508758544922,blocked,Hebbian
7,15,0.01752093806862831,0.022427383810281754,0.14818175137043,blocked,Hebbian
7,16,0.019972920417785645,0.022960500791668892,0.1516265720129013,blocked,Hebbian
7,17,0.01767614297568798,0.023738589137792587,0.15664461255073547,blocked,Hebbian
7,18,0.018025120720267296,0.02424400858581066,0.15989786386489868,blocked,Hebbian
7,19,0.01784883439540863,0.024739552289247513,0.16308262944221497,blocked,Hebbian
7,20,0.01805751770734787,0.025105083361268044,0.16542865335941315,blocked,Hebbian
7,21,0.018181633204221725,0.025584720075130463,0.16850286722183228,blocked,Hebbian
7,22,0.018133461475372314,0.02663389965891838,0.17521077394485474,blocked,Hebbian
7,23,0.017981309443712234,0.02720021829009056,0.17882171273231506,blocked,Hebbian
7,24,0.017594413831830025,0.02764539234340191,0.18165528774261475,blocked,Hebbian
7,25,0.018060093745589256,0.028192555531859398,0.1851319819688797,blocked,Hebbian
7,26,0.018012868240475655,0.028408650308847427,0.18650320172309875,blocked,Hebbian
7,27,0.01742466166615486,0.028942275792360306,0.1898847222328186,blocked,Hebbian
7,28,0.018337169662117958,0.029153168201446533,0.19121931493282318,blocked,Hebbian
7,29,0.0181121788918972,0.029153168201446533,0.19121931493282318,blocked,Hebbian
7,30,0.017517248168587685,0.02957073785364628,0.1938587874174118,blocked,Hebbian
7,31,0.01761222630739212,0.030085105448961258,0.19710446894168854,blocked,Hebbian
7,32,0.018777843564748764,0.03079180046916008,0.20155344903469086,blocked,Hebbian
7,33,0.01785331778228283,0.031287528574466705,0.20466706156730652,blocked,Hebbian
7,34,0.01813487894833088,0.0316789485514164,0.20712126791477203,blocked,Hebbian
7,35,0.018222244456410408,0.032162051647901535,0.21014508605003357,blocked,Hebbian
7,36,0.018164360895752907,0.03235343471169472,0.21134136617183685,blocked,Hebbian
7,37,0.018087564036250114,0.03273312374949455,0.2137119323015213,blocked,Hebbian
7,38,0.017997458577156067,0.03357304632663727,0.218942791223526,blocked,Hebbian
7,39,0.017472581937909126,0.03448439761996269,0.2245977520942688,blocked,Hebbian
7,40,0.018980722874403,0.03537443280220032,0.230099156498909,blocked,Hebbian
8,0,0.04322348162531853,0.0031780479475855827,0.0022323369048535824,blocked,Hebbian
8,1,0.019110046327114105,0.02236097678542137,0.015708228573203087,blocked,Hebbian
8,2,0.019057124853134155,0.028496112674474716,0.020019548013806343,blocked,Hebbian
8,3,0.017984967678785324,0.0302581787109375,0.021257996559143066,blocked,Hebbian
8,4,0.018436875194311142,0.031100956723093987,0.02185036800801754,blocked,Hebbian
8,5,0.018045777454972267,0.03645049408078194,0.025611024349927902,blocked,Hebbian
8,6,0.01856464147567749,0.03917727246880531,0.027528325095772743,blocked,Hebbian
8,7,0.017926517874002457,0.03917727246880531,0.027528325095772743,blocked,Hebbian
8,8,0.017988594248890877,0.042942337691783905,0.030176201835274696,blocked,Hebbian
8,9,0.017894195392727852,0.04640258848667145,0.03261027857661247,blocked,Hebbian
8,10,0.018139589577913284,0.05065106973052025,0.03559963405132294,blocked,Hebbian
8,11,0.018117709085345268,0.05313536524772644,0.03734810650348663,blocked,Hebbian
8,12,0.01758904755115509,0.056887440383434296,0.03998952358961105,blocked,Hebbian
8,13,0.0199506264179945,0.059980958700180054,0.042167965322732925,blocked,Hebbian
8,14,0.017780210822820663,0.06251293420791626,0.04395142197608948,blocked,Hebbian
8,15,0.017701556906104088,0.0633348897099495,0.0445304736495018,blocked,Hebbian
8,16,0.01871989294886589,0.06534553319215775,0.04594714194536209,blocked,Hebbian
8,17,0.01800953969359398,0.0672975555062294,0.04732276871800423,blocked,Hebbian
8,18,0.01936839148402214,0.06882032006978989,0.04839608818292618,blocked,Hebbian
8,19,0.01793411187827587,0.07067891955375671,0.0497063472867012,blocked,Hebbian
8,20,0.017600171267986298,0.07177165895700455,0.050476815551519394,blocked,Hebbian
8,21,0.018217207863926888,0.07426080107688904,0.05223220959305763,blocked,Hebbian
8,22,0.018065739423036575,0.07599049061536789,0.05345231294631958,blocked,Hebbian
8,23,0.018121151253581047,0.07768303155899048,0.05464644357562065,blocked,Hebbian
8,24,0.01776103489100933,0.07999467849731445,0.05627775937318802,blocked,Hebbian
8,25,0.017946142703294754,0.08096597343683243,0.05696333572268486,blocked,Hebbian
8,26,0.018376247957348824,0.08096597343683243,0.05696333572268486,blocked,Hebbian
8,27,0.018146326765418053,0.08319006115198135,0.05853348597884178,blocked,Hebbian
8,28,0.01753431186079979,0.08443579077720642,0.05941313877701759,blocked,Hebbian
8,29,0.018022404983639717,0.08474449068307877,0.059631142765283585,blocked,Hebbian
8,30,0.018139727413654327,0.08747605234384537,0.061560552567243576,blocked,Hebbian
8,31,0.018189145252108574,0.08836869895458221,0.06219122186303139,blocked,Hebbian
8,32,0.01821207068860531,0.0901288092136383,0.06343498080968857,blocked,Hebbian
8,33,0.018189072608947754,0.09128433465957642,0.06425168365240097,blocked,Hebbian
8,34,0.018157105892896652,0.09327389299869537,0.06565815955400467,blocked,Hebbian
8,35,0.01800602301955223,0.09411440044641495,0.0662524625658989,blocked,Hebbian
8,36,0.01759231835603714,0.0968664214015007,0.06819885224103928,blocked,Hebbian
8,37,0.018121765926480293,0.0995468869805336,0.07009540498256683,blocked,Hebbian
8,38,0.01811257191002369,0.10086209326982498,0.07102623581886292,blocked,Hebbian
8,39,0.018073711544275284,0.10190282762050629,0.07176295667886734,blocked,Hebbian
8,40,0.017654117196798325,0.10293374210596085,0.07249283790588379,blocked,Hebbian
9,0,0.018078560009598732,-0.008774456568062305,0.0010649441974237561,blocked,Hebbian
9,1,0.019571878015995026,-0.03599090129137039,0.004369060043245554,blocked,Hebbian
9,2,0.01775999367237091,-0.06877805292606354,0.008361928164958954,blocked,Hebbian
9,3,0.01952686719596386,-0.08987121284008026,0.010943745262920856,blocked,Hebbian
9,4,0.01867826282978058,-0.09960539638996124,0.012139873579144478,blocked,Hebbian
9,5,0.018269285559654236,-0.11176207661628723,0.013638542033731937,blocked,Hebbian
9,6,0.018522590398788452,-0.11498930305242538,0.01403738185763359,blocked,Hebbian
9,7,0.01795923337340355,-0.12266938388347626,0.014988329261541367,blocked,Hebbian
9,8,0.018360929563641548,-0.1298743337392807,0.01588287390768528,blocked,Hebbian
9,9,0.018133366480469704,-0.13534817099571228,0.016564151272177696,blocked,Hebbian
9,10,0.01813122071325779,-0.14314545691013336,0.01753723993897438,blocked,Hebbian
9,11,0.018260905519127846,-0.14564631879329681,0.017850026488304138,blocked,Hebbian
9,12,0.018162326887249947,-0.15522237122058868,0.019050944596529007,blocked,Hebbian
9,13,0.018159205093979836,-0.16420415043830872,0.020182235166430473,blocked,Hebbian
9,14,0.01814631186425686,-0.16955867409706116,0.020859044045209885,blocked,Hebbian
9,15,0.01806824468076229,-0.1757519245147705,0.021644199267029762,blocked,Hebbian
9,16,0.018352271988987923,-0.17975229024887085,0.022152727469801903,blocked,Hebbian
9,17,0.018110642209649086,-0.18841545283794403,0.023257853463292122,blocked,Hebbian
9,18,0.018065299838781357,-0.19755436480045319,0.02442965842783451,blocked,Hebbian
9,19,0.01806279644370079,-0.20281977951526642,0.0251077339053154,blocked,Hebbian
9,20,0.018036579713225365,-0.21044382452964783,0.02609351836144924,blocked,Hebbian
9,21,0.018098125234246254,-0.2169695943593979,0.026941176503896713,blocked,Hebbian
9,22,0.0181783027946949,-0.22328080236911774,0.02776450291275978,blocked,Hebbian
9,23,0.0179962906986475,-0.22559593617916107,0.028067417442798615,blocked,Hebbian
9,24,0.018213821575045586,-0.22636166214942932,0.028167713433504105,blocked,Hebbian
9,25,0.01813632622361183,-0.22788429260253906,0.028367312625050545,blocked,Hebbian
9,26,0.01811234839260578,-0.22939538955688477,0.02856561169028282,blocked,Hebbian
9,27,0.01781795173883438,-0.23089516162872314,0.028762638568878174,blocked,Hebbian
9,28,0.019278984516859055,-0.2353288233280182,0.029346341267228127,blocked,Hebbian
9,29,0.017871780321002007,-0.23605845868587494,0.02944258041679859,blocked,Hebbian
9,30,0.01805924065411091,-0.23823191225528717,0.02972956746816635,blocked,Hebbian
9,31,0.01815897412598133,-0.23895132541656494,0.02982466109097004,blocked,Hebbian
9,32,0.018055707216262817,-0.24321608245372772,0.03038945235311985,blocked,Hebbian
9,33,0.0178699791431427,-0.24531620740890503,0.03066824935376644,blocked,Hebbian
9,34,0.018182437866926193,-0.24670472741127014,0.030852826312184334,blocked,Hebbian
9,35,0.018128953874111176,-0.2508164644241333,0.03140057250857353,blocked,Hebbian
9,36,0.018054785206913948,-0.2555156350135803,0.03202875331044197,blocked,Hebbian
9,37,0.018075870350003242,-0.25946372747421265,0.032558374106884,blocked,Hebbian
9,38,0.018058044835925102,-0.2627001702785492,0.03299381583929062,blocked,Hebbian
9,39,0.017928313463926315,-0.26525554060935974,0.033338453620672226,blocked,Hebbian
9,40,0.018321752548217773,-0.26715293526649475,0.033594828099012375,blocked,Hebbian
