model,epoch,bce,condition,architecture
0,0,0.01843681000173092,interleaved,Hebbian
0,1,0.017720013856887817,interleaved,Hebbian
0,2,0.017404910176992416,interleaved,Hebbian
0,3,0.01705911010503769,interleaved,Hebbian
0,4,0.01671610027551651,interleaved,Hebbian
0,5,0.01634063757956028,interleaved,Hebbian
0,6,0.015931464731693268,interleaved,Hebbian
0,7,0.015168807469308376,interleaved,Hebbian
0,8,0.014539098367094994,interleaved,Hebbian
0,9,0.01386624202132225,interleaved,Hebbian
0,10,0.012907701544463634,interleaved,Hebbian
0,11,0.013838818296790123,interleaved,Hebbian
0,12,0.01327855046838522,interleaved,Hebbian
0,13,0.011891273781657219,interleaved,Hebbian
0,14,0.010873769409954548,interleaved,Hebbian
0,15,0.0107199065387249,interleaved,Hebbian
0,16,0.010137662291526794,interleaved,Hebbian
0,17,0.009793031960725784,interleaved,Hebbian
0,18,0.009340782649815083,interleaved,Hebbian
0,19,0.009168468415737152,interleaved,Hebbian
0,20,0.009607910178601742,interleaved,Hebbian
0,21,0.00938043650239706,interleaved,Hebbian
0,22,0.01050186064094305,interleaved,Hebbian
0,23,0.008940507657825947,interleaved,Hebbian
0,24,0.008761358447372913,interleaved,Hebbian
0,25,0.008564784191548824,interleaved,Hebbian
0,26,0.00883471593260765,interleaved,Hebbian
0,27,0.008509822189807892,interleaved,Hebbian
0,28,0.008743771351873875,interleaved,Hebbian
0,29,0.008319605141878128,interleaved,Hebbian
0,30,0.00850638560950756,interleaved,Hebbian
0,31,0.009704649448394775,interleaved,Hebbian
0,32,0.00841769389808178,interleaved,Hebbian
0,33,0.007963651791214943,interleaved,Hebbian
0,34,0.007806950248777866,interleaved,Hebbian
0,35,0.008285087533295155,interleaved,Hebbian
0,36,0.007858101278543472,interleaved,Hebbian
0,37,0.007921628654003143,interleaved,Hebbian
0,38,0.007697048131376505,interleaved,Hebbian
0,39,0.0076969219371676445,interleaved,Hebbian
0,40,0.007897846400737762,interleaved,Hebbian
1,0,0.024237010627985,interleaved,Hebbian
1,1,0.01736108586192131,interleaved,Hebbian
1,2,0.017125874757766724,interleaved,Hebbian
1,3,0.017009008675813675,interleaved,Hebbian
1,4,0.016850363463163376,interleaved,Hebbian
1,5,0.016539566218852997,interleaved,Hebbian
1,6,0.016416462138295174,interleaved,Hebbian
1,7,0.015547842718660831,interleaved,Hebbian
1,8,0.014864536933600903,interleaved,Hebbian
1,9,0.014979241415858269,interleaved,Hebbian
1,10,0.01490057073533535,interleaved,Hebbian
1,11,0.013877814635634422,interleaved,Hebbian
1,12,0.013593112118542194,interleaved,Hebbian
1,13,0.011758547276258469,interleaved,Hebbian
1,14,0.011058817617595196,interleaved,Hebbian
1,15,0.011261780746281147,interleaved,Hebbian
1,16,0.010547018609941006,interleaved,Hebbian
1,17,0.010969801805913448,interleaved,Hebbian
1,18,0.009598509408533573,interleaved,Hebbian
1,19,0.009712941013276577,interleaved,Hebbian
1,20,0.009103006683290005,interleaved,Hebbian
1,21,0.009413311257958412,interleaved,Hebbian
1,22,0.009600969031453133,interleaved,Hebbian
1,23,0.009393044747412205,interleaved,Hebbian
1,24,0.00902802124619484,interleaved,Hebbian
1,25,0.008627885021269321,interleaved,Hebbian
1,26,0.008740629069507122,interleaved,Hebbian
1,27,0.008430300280451775,interleaved,Hebbian
1,28,0.008494753390550613,interleaved,Hebbian
1,29,0.008318429812788963,interleaved,Hebbian
1,30,0.008178506046533585,interleaved,Hebbian
1,31,0.008454611524939537,interleaved,Hebbian
1,32,0.008070539683103561,interleaved,Hebbian
1,33,0.007880469784140587,interleaved,Hebbian
1,34,0.007933368906378746,interleaved,Hebbian
1,35,0.00794082973152399,interleaved,Hebbian
1,36,0.009016500785946846,interleaved,Hebbian
1,37,0.008228456601500511,interleaved,Hebbian
1,38,0.00784391351044178,interleaved,Hebbian
1,39,0.007859872654080391,interleaved,Hebbian
1,40,0.007858115248382092,interleaved,Hebbian
2,0,0.06066974997520447,interleaved,Hebbian
2,1,0.018054189160466194,interleaved,Hebbian
2,2,0.017261583358049393,interleaved,Hebbian
2,3,0.01700667105615139,interleaved,Hebbian
2,4,0.01685551181435585,interleaved,Hebbian
2,5,0.01666221022605896,interleaved,Hebbian
2,6,0.01645122654736042,interleaved,Hebbian
2,7,0.01607554219663143,interleaved,Hebbian
2,8,0.015265737660229206,interleaved,Hebbian
2,9,0.015130972489714622,interleaved,Hebbian
2,10,0.014041083864867687,interleaved,Hebbian
2,11,0.013393986970186234,interleaved,Hebbian
2,12,0.012838732451200485,interleaved,Hebbian
2,13,0.01204749010503292,interleaved,Hebbian
2,14,0.011873473413288593,interleaved,Hebbian
2,15,0.013418709859251976,interleaved,Hebbian
2,16,0.01330658420920372,interleaved,Hebbian
2,17,0.011560811661183834,interleaved,Hebbian
2,18,0.009566470980644226,interleaved,Hebbian
2,19,0.00919646117836237,interleaved,Hebbian
2,20,0.008915992453694344,interleaved,Hebbian
2,21,0.010361031629145145,interleaved,Hebbian
2,22,0.008868691511452198,interleaved,Hebbian
2,23,0.009461595676839352,interleaved,Hebbian
2,24,0.008924859575927258,interleaved,Hebbian
2,25,0.008806867524981499,interleaved,Hebbian
2,26,0.009067018516361713,interleaved,Hebbian
2,27,0.008413905277848244,interleaved,Hebbian
2,28,0.008274789899587631,interleaved,Hebbian
2,29,0.008326238952577114,interleaved,Hebbian
2,30,0.008222158066928387,interleaved,Hebbian
2,31,0.008301163092255592,interleaved,Hebbian
2,32,0.008445397019386292,interleaved,Hebbian
2,33,0.008100537583231926,interleaved,Hebbian
2,34,0.009056790731847286,interleaved,Hebbian
2,35,0.009643509052693844,interleaved,Hebbian
2,36,0.00817057490348816,interleaved,Hebbian
2,37,0.00842114258557558,interleaved,Hebbian
2,38,0.008256722241640091,interleaved,Hebbian
2,39,0.007954824715852737,interleaved,Hebbian
2,40,0.008198389783501625,interleaved,Hebbian
3,0,0.0340656079351902,interleaved,Hebbian
3,1,0.017467161640524864,interleaved,Hebbian
3,2,0.0172240249812603,interleaved,Hebbian
3,3,0.017170948907732964,interleaved,Hebbian
3,4,0.016697129234671593,interleaved,Hebbian
3,5,0.016382010653614998,interleaved,Hebbian
3,6,0.016056647524237633,interleaved,Hebbian
3,7,0.015675252303481102,interleaved,Hebbian
3,8,0.015213105827569962,interleaved,Hebbian
3,9,0.01481770072132349,interleaved,Hebbian
3,10,0.014843746088445187,interleaved,Hebbian
3,11,0.015305878594517708,interleaved,Hebbian
3,12,0.013067815452814102,interleaved,Hebbian
3,13,0.012439175508916378,interleaved,Hebbian
3,14,0.011903595179319382,interleaved,Hebbian
3,15,0.01132154930382967,interleaved,Hebbian
3,16,0.010679897852241993,interleaved,Hebbian
3,17,0.010579520836472511,interleaved,Hebbian
3,18,0.010072598233819008,interleaved,Hebbian
3,19,0.009803523309528828,interleaved,Hebbian
3,20,0.010157636366784573,interleaved,Hebbian
3,21,0.011768714524805546,interleaved,Hebbian
3,22,0.009927039034664631,interleaved,Hebbian
3,23,0.009959999471902847,interleaved,Hebbian
3,24,0.01069012749940157,interleaved,Hebbian
3,25,0.00926251895725727,interleaved,Hebbian
3,26,0.008906940929591656,interleaved,Hebbian
3,27,0.008444598875939846,interleaved,Hebbian
3,28,0.008494474925100803,interleaved,Hebbian
3,29,0.008582325652241707,interleaved,Hebbian
3,30,0.008684643544256687,interleaved,Hebbian
3,31,0.008293263614177704,interleaved,Hebbian
3,32,0.008477386087179184,interleaved,Hebbian
3,33,0.008156886324286461,interleaved,Hebbian
3,34,0.009465653449296951,interleaved,Hebbian
3,35,0.008072655647993088,interleaved,Hebbian
3,36,0.0079989368095994,interleaved,Hebbian
3,37,0.008542885072529316,interleaved,Hebbian
3,38,0.007974821142852306,interleaved,Hebbian
3,39,0.008283804170787334,interleaved,Hebbian
3,40,0.00877227634191513,interleaved,Hebbian
4,0,0.01909530721604824,interleaved,Hebbian
4,1,0.01745685003697872,interleaved,Hebbian
4,2,0.017364798113703728,interleaved,Hebbian
4,3,0.017049485817551613,interleaved,Hebbian
4,4,0.017175890505313873,interleaved,Hebbian
4,5,0.016572745516896248,interleaved,Hebbian
4,6,0.016299346461892128,interleaved,Hebbian
4,7,0.015486378222703934,interleaved,Hebbian
4,8,0.015623655170202255,interleaved,Hebbian
4,9,0.014926483854651451,interleaved,Hebbian
4,10,0.014895560219883919,interleaved,Hebbian
4,11,0.012537352740764618,interleaved,Hebbian
4,12,0.012172577902674675,interleaved,Hebbian
4,13,0.011500372551381588,interleaved,Hebbian
4,14,0.011243666522204876,interleaved,Hebbian
4,15,0.01035359688103199,interleaved,Hebbian
4,16,0.00971063319593668,interleaved,Hebbian
4,17,0.010770335793495178,interleaved,Hebbian
4,18,0.009145439602434635,interleaved,Hebbian
4,19,0.0093467952683568,interleaved,Hebbian
4,20,0.008900599554181099,interleaved,Hebbian
4,21,0.0092464005574584,interleaved,Hebbian
4,22,0.009075348265469074,interleaved,Hebbian
4,23,0.008843956515192986,interleaved,Hebbian
4,24,0.008691503666341305,interleaved,Hebbian
4,25,0.008700750768184662,interleaved,Hebbian
4,26,0.008429302833974361,interleaved,Hebbian
4,27,0.008280282840132713,interleaved,Hebbian
4,28,0.008445984683930874,interleaved,Hebbian
4,29,0.008389267139136791,interleaved,Hebbian
4,30,0.008286549709737301,interleaved,Hebbian
4,31,0.009028258733451366,interleaved,Hebbian
4,32,0.00892845168709755,interleaved,Hebbian
4,33,0.008239243179559708,interleaved,Hebbian
4,34,0.008215053007006645,interleaved,Hebbian
4,35,0.008694575168192387,interleaved,Hebbian
4,36,0.008365929126739502,interleaved,Hebbian
4,37,0.00824564229696989,interleaved,Hebbian
4,38,0.00826652254909277,interleaved,Hebbian
4,39,0.008306064642965794,interleaved,Hebbian
4,40,0.008146991021931171,interleaved,Hebbian
5,0,0.020226692780852318,interleaved,Hebbian
5,1,0.01784823276102543,interleaved,Hebbian
5,2,0.017503874376416206,interleaved,Hebbian
5,3,0.01760491356253624,interleaved,Hebbian
5,4,0.01741793006658554,interleaved,Hebbian
5,5,0.016713563352823257,interleaved,Hebbian
5,6,0.016537398099899292,interleaved,Hebbian
5,7,0.016450241208076477,interleaved,Hebbian
5,8,0.01601172424852848,interleaved,Hebbian
5,9,0.015768010169267654,interleaved,Hebbian
5,10,0.014986972324550152,interleaved,Hebbian
5,11,0.0146340262144804,interleaved,Hebbian
5,12,0.013923630118370056,interleaved,Hebbian
5,13,0.013333904556930065,interleaved,Hebbian
5,14,0.012246173806488514,interleaved,Hebbian
5,15,0.010850176215171814,interleaved,Hebbian
5,16,0.010593037120997906,interleaved,Hebbian
5,17,0.011075458489358425,interleaved,Hebbian
5,18,0.01054812129586935,interleaved,Hebbian
5,19,0.00977929774671793,interleaved,Hebbian
5,20,0.009470216929912567,interleaved,Hebbian
5,21,0.010497219860553741,interleaved,Hebbian
5,22,0.009113641455769539,interleaved,Hebbian
5,23,0.008884101174771786,interleaved,Hebbian
5,24,0.009736343286931515,interleaved,Hebbian
5,25,0.009269380010664463,interleaved,Hebbian
5,26,0.009825433604419231,interleaved,Hebbian
5,27,0.009268106892704964,interleaved,Hebbian
5,28,0.009471920318901539,interleaved,Hebbian
5,29,0.008865323849022388,interleaved,Hebbian
5,30,0.008994548581540585,interleaved,Hebbian
5,31,0.00878003891557455,interleaved,Hebbian
5,32,0.008530357852578163,interleaved,Hebbian
5,33,0.008653641678392887,interleaved,Hebbian
5,34,0.008864936418831348,interleaved,Hebbian
5,35,0.00849147979170084,interleaved,Hebbian
5,36,0.008411734364926815,interleaved,Hebbian
5,37,0.00840398482978344,interleaved,Hebbian
5,38,0.008559975773096085,interleaved,Hebbian
5,39,0.008401690982282162,interleaved,Hebbian
5,40,0.00823166687041521,interleaved,Hebbian
6,0,0.02093403972685337,interleaved,Hebbian
6,1,0.01734955608844757,interleaved,Hebbian
6,2,0.017087524756789207,interleaved,Hebbian
6,3,0.016970479860901833,interleaved,Hebbian
6,4,0.016798950731754303,interleaved,Hebbian
6,5,0.016376810148358345,interleaved,Hebbian
6,6,0.016198815777897835,interleaved,Hebbian
6,7,0.015925820916891098,interleaved,Hebbian
6,8,0.015497848391532898,interleaved,Hebbian
6,9,0.014866183511912823,interleaved,Hebbian
6,10,0.014089453965425491,interleaved,Hebbian
6,11,0.012867700308561325,interleaved,Hebbian
6,12,0.01248046476393938,interleaved,Hebbian
6,13,0.01131023932248354,interleaved,Hebbian
6,14,0.010796191170811653,interleaved,Hebbian
6,15,0.010428755544126034,interleaved,Hebbian
6,16,0.010105282068252563,interleaved,Hebbian
6,17,0.009892955422401428,interleaved,Hebbian
6,18,0.00941193476319313,interleaved,Hebbian
6,19,0.009267912246286869,interleaved,Hebbian
6,20,0.00893695093691349,interleaved,Hebbian
6,21,0.009261125698685646,interleaved,Hebbian
6,22,0.008785070851445198,interleaved,Hebbian
6,23,0.009230576455593109,interleaved,Hebbian
6,24,0.00946955755352974,interleaved,Hebbian
6,25,0.00947003997862339,interleaved,Hebbian
6,26,0.008604154922068119,interleaved,Hebbian
6,27,0.008940515108406544,interleaved,Hebbian
6,28,0.008742189966142178,interleaved,Hebbian
6,29,0.008348406292498112,interleaved,Hebbian
6,30,0.009122286923229694,interleaved,Hebbian
6,31,0.008083946071565151,interleaved,Hebbian
6,32,0.008726530708372593,interleaved,Hebbian
6,33,0.008479632437229156,interleaved,Hebbian
6,34,0.008441216312348843,interleaved,Hebbian
6,35,0.008376911282539368,interleaved,Hebbian
6,36,0.0081784063950181,interleaved,Hebbian
6,37,0.008074971847236156,interleaved,Hebbian
6,38,0.007954451255500317,interleaved,Hebbian
6,39,0.007892157882452011,interleaved,Hebbian
6,40,0.009225897490978241,interleaved,Hebbian
7,0,0.020702842622995377,interleaved,Hebbian
7,1,0.017402833327651024,interleaved,Hebbian
7,2,0.01735631562769413,interleaved,Hebbian
7,3,0.0171196386218071,interleaved,Hebbian
7,4,0.016685521230101585,interleaved,Hebbian
7,5,0.016041554510593414,interleaved,Hebbian
7,6,0.015620765276253223,interleaved,Hebbian
7,7,0.015301738865673542,interleaved,Hebbian
7,8,0.014898162335157394,interleaved,Hebbian
7,9,0.014959115535020828,interleaved,Hebbian
7,10,0.013636081479489803,interleaved,Hebbian
7,11,0.013217480853199959,interleaved,Hebbian
7,12,0.012262213975191116,interleaved,Hebbian
7,13,0.011167020536959171,interleaved,Hebbian
7,14,0.010543937794864178,interleaved,Hebbian
7,15,0.011109826155006886,interleaved,Hebbian
7,16,0.010106517933309078,interleaved,Hebbian
7,17,0.010546136647462845,interleaved,Hebbian
7,18,0.00927120354026556,interleaved,Hebbian
7,19,0.009566115215420723,interleaved,Hebbian
7,20,0.009235246106982231,interleaved,Hebbian
7,21,0.00915478728711605,interleaved,Hebbian
7,22,0.008933953009545803,interleaved,Hebbian
7,23,0.00934575218707323,interleaved,Hebbian
7,24,0.009617234580218792,interleaved,Hebbian
7,25,0.010359929874539375,interleaved,Hebbian
7,26,0.008518846705555916,interleaved,Hebbian
7,27,0.008879471570253372,interleaved,Hebbian
7,28,0.008998059667646885,interleaved,Hebbian
7,29,0.010741204023361206,interleaved,Hebbian
7,30,0.008427564054727554,interleaved,Hebbian
7,31,0.008284632116556168,interleaved,Hebbian
7,32,0.00822446495294571,interleaved,Hebbian
7,33,0.008131949231028557,interleaved,Hebbian
7,34,0.008474021218717098,interleaved,Hebbian
7,35,0.008626441471278667,interleaved,Hebbian
7,36,0.0079859159886837,interleaved,Hebbian
7,37,0.007993239909410477,interleaved,Hebbian
7,38,0.007926136255264282,interleaved,Hebbian
7,39,0.008432000875473022,interleaved,Hebbian
7,40,0.007997952401638031,interleaved,Hebbian
8,0,0.0432138554751873,interleaved,Hebbian
8,1,0.01736382767558098,interleaved,Hebbian
8,2,0.016799479722976685,interleaved,Hebbian
8,3,0.016244960948824883,interleaved,Hebbian
8,4,0.015961769968271255,interleaved,Hebbian
8,5,0.015748774632811546,interleaved,Hebbian
8,6,0.015359260141849518,interleaved,Hebbian
8,7,0.014466137625277042,interleaved,Hebbian
8,8,0.014420216903090477,interleaved,Hebbian
8,9,0.013109761290252209,interleaved,Hebbian
8,10,0.012335141189396381,interleaved,Hebbian
8,11,0.012356044724583626,interleaved,Hebbian
8,12,0.011030659079551697,interleaved,Hebbian
8,13,0.010438336059451103,interleaved,Hebbian
8,14,0.011929785832762718,interleaved,Hebbian
8,15,0.009837128221988678,interleaved,Hebbian
8,16,0.009473757818341255,interleaved,Hebbian
8,17,0.009313706308603287,interleaved,Hebbian
8,18,0.008988271467387676,interleaved,Hebbian
8,19,0.009736145846545696,interleaved,Hebbian
8,20,0.010916399769484997,interleaved,Hebbian
8,21,0.010419202037155628,interleaved,Hebbian
8,22,0.008821661584079266,interleaved,Hebbian
8,23,0.008417792618274689,interleaved,Hebbian
8,24,0.008552726358175278,interleaved,Hebbian
8,25,0.00855028722435236,interleaved,Hebbian
8,26,0.008297255262732506,interleaved,Hebbian
8,27,0.008463858626782894,interleaved,Hebbian
8,28,0.00829077698290348,interleaved,Hebbian
8,29,0.008537528105080128,interleaved,Hebbian
8,30,0.008598585613071918,interleaved,Hebbian
8,31,0.008942649699747562,interleaved,Hebbian
8,32,0.008277134038507938,interleaved,Hebbian
8,33,0.0083588482812047,interleaved,Hebbian
8,34,0.008020445704460144,interleaved,Hebbian
8,35,0.007843841798603535,interleaved,Hebbian
8,36,0.007724940776824951,interleaved,Hebbian
8,37,0.007794665172696114,interleaved,Hebbian
8,38,0.007699214853346348,interleaved,Hebbian
8,39,0.00785775389522314,interleaved,Hebbian
8,40,0.0082298768684268,interleaved,Hebbian
9,0,0.018079252913594246,interleaved,Hebbian
9,1,0.017618604004383087,interleaved,Hebbian
9,2,0.01743752881884575,interleaved,Hebbian
9,3,0.0171632282435894,interleaved,Hebbian
9,4,0.017075777053833008,interleaved,Hebbian
9,5,0.016683880239725113,interleaved,Hebbian
9,6,0.016852088272571564,interleaved,Hebbian
9,7,0.017123635858297348,interleaved,Hebbian
9,8,0.0160432867705822,interleaved,Hebbian
9,9,0.015548518858850002,interleaved,Hebbian
9,10,0.014771210961043835,interleaved,Hebbian
9,11,0.014003106392920017,interleaved,Hebbian
9,12,0.013476777821779251,interleaved,Hebbian
9,13,0.012473014183342457,interleaved,Hebbian
9,14,0.01210459042340517,interleaved,Hebbian
9,15,0.012873351573944092,interleaved,Hebbian
9,16,0.012180556543171406,interleaved,Hebbian
9,17,0.012768265791237354,interleaved,Hebbian
9,18,0.010913222096860409,interleaved,Hebbian
9,19,0.010831975378096104,interleaved,Hebbian
9,20,0.010138627141714096,interleaved,Hebbian
9,21,0.009480838663876057,interleaved,Hebbian
9,22,0.009184041991829872,interleaved,Hebbian
9,23,0.011173860169947147,interleaved,Hebbian
9,24,0.009378617629408836,interleaved,Hebbian
9,25,0.008939088322222233,interleaved,Hebbian
9,26,0.009104750119149685,interleaved,Hebbian
9,27,0.009119524620473385,interleaved,Hebbian
9,28,0.00876505859196186,interleaved,Hebbian
9,29,0.009669328108429909,interleaved,Hebbian
9,30,0.008701697923243046,interleaved,Hebbian
9,31,0.00854626577347517,interleaved,Hebbian
9,32,0.008448074571788311,interleaved,Hebbian
9,33,0.008584692142903805,interleaved,Hebbian
9,34,0.009967348538339138,interleaved,Hebbian
9,35,0.009090021252632141,interleaved,Hebbian
9,36,0.008595404215157032,interleaved,Hebbian
9,37,0.01090756244957447,interleaved,Hebbian
9,38,0.008447611704468727,interleaved,Hebbian
9,39,0.008650733157992363,interleaved,Hebbian
9,40,0.008373538963496685,interleaved,Hebbian
0,0,0.018437474966049194,blocked,Hebbian
0,1,0.01820147968828678,blocked,Hebbian
0,2,0.017526444047689438,blocked,Hebbian
0,3,0.01796620897948742,blocked,Hebbian
0,4,0.017471034079790115,blocked,Hebbian
0,5,0.01715605892241001,blocked,Hebbian
0,6,0.017371758818626404,blocked,Hebbian
0,7,0.017279163002967834,blocked,Hebbian
0,8,0.01722905971109867,blocked,Hebbian
0,9,0.01672368310391903,blocked,Hebbian
0,10,0.01709497906267643,blocked,Hebbian
0,11,0.016797499731183052,blocked,Hebbian
0,12,0.016885777935385704,blocked,Hebbian
0,13,0.016638826578855515,blocked,Hebbian
0,14,0.01644153706729412,blocked,Hebbian
0,15,0.015820054337382317,blocked,Hebbian
0,16,0.01564335636794567,blocked,Hebbian
0,17,0.01564357802271843,blocked,Hebbian
0,18,0.015033386647701263,blocked,Hebbian
0,19,0.015402746386826038,blocked,Hebbian
0,20,0.014933224767446518,blocked,Hebbian
0,21,0.015364076942205429,blocked,Hebbian
0,22,0.013131493702530861,blocked,Hebbian
0,23,0.013705289922654629,blocked,Hebbian
0,24,0.014005033299326897,blocked,Hebbian
0,25,0.013879071921110153,blocked,Hebbian
0,26,0.011797701939940453,blocked,Hebbian
0,27,0.011299732141196728,blocked,Hebbian
0,28,0.009863079525530338,blocked,Hebbian
0,29,0.009440585970878601,blocked,Hebbian
0,30,0.009071187116205692,blocked,Hebbian
0,31,0.010345333255827427,blocked,Hebbian
0,32,0.008921540342271328,blocked,Hebbian
0,33,0.008851123973727226,blocked,Hebbian
0,34,0.009513018652796745,blocked,Hebbian
0,35,0.008565505966544151,blocked,Hebbian
0,36,0.008702951483428478,blocked,Hebbian
0,37,0.010932129807770252,blocked,Hebbian
0,38,0.009537707082927227,blocked,Hebbian
0,39,0.01490148063749075,blocked,Hebbian
0,40,0.014728416688740253,blocked,Hebbian
1,0,0.02424013242125511,blocked,Hebbian
1,1,0.01752064935863018,blocked,Hebbian
1,2,0.018492737784981728,blocked,Hebbian
1,3,0.01799512282013893,blocked,Hebbian
1,4,0.018637482076883316,blocked,Hebbian
1,5,0.017244432121515274,blocked,Hebbian
1,6,0.017282508313655853,blocked,Hebbian
1,7,0.01727209985256195,blocked,Hebbian
1,8,0.01698129251599312,blocked,Hebbian
1,9,0.017511971294879913,blocked,Hebbian
1,10,0.017757723107933998,blocked,Hebbian
1,11,0.015960700809955597,blocked,Hebbian
1,12,0.01610266976058483,blocked,Hebbian
1,13,0.015397298149764538,blocked,Hebbian
1,14,0.015123901888728142,blocked,Hebbian
1,15,0.014933565631508827,blocked,Hebbian
1,16,0.014757285825908184,blocked,Hebbian
1,17,0.013342931866645813,blocked,Hebbian
1,18,0.012144514359533787,blocked,Hebbian
1,19,0.011503917165100574,blocked,Hebbian
1,20,0.011464814655482769,blocked,Hebbian
1,21,0.013007954694330692,blocked,Hebbian
1,22,0.011033798567950726,blocked,Hebbian
1,23,0.014357463456690311,blocked,Hebbian
1,24,0.010968212969601154,blocked,Hebbian
1,25,0.012818019837141037,blocked,Hebbian
1,26,0.00979966577142477,blocked,Hebbian
1,27,0.009679649025201797,blocked,Hebbian
1,28,0.013212919235229492,blocked,Hebbian
1,29,0.013119885697960854,blocked,Hebbian
1,30,0.009367038495838642,blocked,Hebbian
1,31,0.01387476921081543,blocked,Hebbian
1,32,0.01504536997526884,blocked,Hebbian
1,33,0.013197701424360275,blocked,Hebbian
1,34,0.013715372420847416,blocked,Hebbian
1,35,0.013218138366937637,blocked,Hebbian
1,36,0.009221596643328667,blocked,Hebbian
1,37,0.00867534801363945,blocked,Hebbian
1,38,0.009396953508257866,blocked,Hebbian
1,39,0.008980833925306797,blocked,Hebbian
1,40,0.00914377998560667,blocked,Hebbian
2,0,0.06068475544452667,blocked,Hebbian
2,1,0.01809038035571575,blocked,Hebbian
2,2,0.017408419400453568,blocked,Hebbian
2,3,0.01748962700366974,blocked,Hebbian
2,4,0.017196521162986755,blocked,Hebbian
2,5,0.017231831327080727,blocked,Hebbian
2,6,0.016827372834086418,blocked,Hebbian
2,7,0.016971934586763382,blocked,Hebbian
2,8,0.017298107966780663,blocked,Hebbian
2,9,0.016938159242272377,blocked,Hebbian
2,10,0.01654471643269062,blocked,Hebbian
2,11,0.016158485785126686,blocked,Hebbian
2,12,0.016820266842842102,blocked,Hebbian
2,13,0.015911897644400597,blocked,Hebbian
2,14,0.016337228938937187,blocked,Hebbian
2,15,0.015165818855166435,blocked,Hebbian
2,16,0.015438443049788475,blocked,Hebbian
2,17,0.014998679049313068,blocked,Hebbian
2,18,0.016111750155687332,blocked,Hebbian
2,19,0.013858952559530735,blocked,Hebbian
2,20,0.013943875208497047,blocked,Hebbian
2,21,0.014896826818585396,blocked,Hebbian
2,22,0.012818494811654091,blocked,Hebbian
2,23,0.011978795751929283,blocked,Hebbian
2,24,0.01210942491889,blocked,Hebbian
2,25,0.010935414582490921,blocked,Hebbian
2,26,0.010529435239732265,blocked,Hebbian
2,27,0.010750382207334042,blocked,Hebbian
2,28,0.009775523096323013,blocked,Hebbian
2,29,0.009767369367182255,blocked,Hebbian
2,30,0.009565891698002815,blocked,Hebbian
2,31,0.01006127055734396,blocked,Hebbian
2,32,0.009354231879115105,blocked,Hebbian
2,33,0.010236884467303753,blocked,Hebbian
2,34,0.009239980019629002,blocked,Hebbian
2,35,0.01120435819029808,blocked,Hebbian
2,36,0.010256488807499409,blocked,Hebbian
2,37,0.012699180282652378,blocked,Hebbian
2,38,0.01010901015251875,blocked,Hebbian
2,39,0.010496767237782478,blocked,Hebbian
2,40,0.011824005283415318,blocked,Hebbian
3,0,0.03407389298081398,blocked,Hebbian
3,1,0.01724126935005188,blocked,Hebbian
3,2,0.019076041877269745,blocked,Hebbian
3,3,0.01719491556286812,blocked,Hebbian
3,4,0.017328383401036263,blocked,Hebbian
3,5,0.017062373459339142,blocked,Hebbian
3,6,0.016492022201418877,blocked,Hebbian
3,7,0.016726991161704063,blocked,Hebbian
3,8,0.016572847962379456,blocked,Hebbian
3,9,0.016065752133727074,blocked,Hebbian
3,10,0.01566094532608986,blocked,Hebbian
3,11,0.01566294953227043,blocked,Hebbian
3,12,0.015391582623124123,blocked,Hebbian
3,13,0.01501456554979086,blocked,Hebbian
3,14,0.0157052893191576,blocked,Hebbian
3,15,0.014441742561757565,blocked,Hebbian
3,16,0.014202806167304516,blocked,Hebbian
3,17,0.014559927396476269,blocked,Hebbian
3,18,0.013819294981658459,blocked,Hebbian
3,19,0.013102101162075996,blocked,Hebbian
3,20,0.014190120622515678,blocked,Hebbian
3,21,0.015555859543383121,blocked,Hebbian
3,22,0.012690925039350986,blocked,Hebbian
3,23,0.012567521072924137,blocked,Hebbian
3,24,0.014601405709981918,blocked,Hebbian
3,25,0.014166799373924732,blocked,Hebbian
3,26,0.012346991337835789,blocked,Hebbian
3,27,0.011561098508536816,blocked,Hebbian
3,28,0.012371355667710304,blocked,Hebbian
3,29,0.013036497868597507,blocked,Hebbian
3,30,0.012172595597803593,blocked,Hebbian
3,31,0.012638323940336704,blocked,Hebbian
3,32,0.014101251028478146,blocked,Hebbian
3,33,0.014101691544055939,blocked,Hebbian
3,34,0.011120238341391087,blocked,Hebbian
3,35,0.011176642961800098,blocked,Hebbian
3,36,0.009298235177993774,blocked,Hebbian
3,37,0.008925355970859528,blocked,Hebbian
3,38,0.009296314790844917,blocked,Hebbian
3,39,0.008757824078202248,blocked,Hebbian
3,40,0.009356634691357613,blocked,Hebbian
4,0,0.019093401730060577,blocked,Hebbian
4,1,0.018546009436249733,blocked,Hebbian
4,2,0.01752263866364956,blocked,Hebbian
4,3,0.017559172585606575,blocked,Hebbian
4,4,0.017171449959278107,blocked,Hebbian
4,5,0.017448358237743378,blocked,Hebbian
4,6,0.016916321590542793,blocked,Hebbian
4,7,0.01808394491672516,blocked,Hebbian
4,8,0.01701432652771473,blocked,Hebbian
4,9,0.01664711907505989,blocked,Hebbian
4,10,0.0160877276211977,blocked,Hebbian
4,11,0.016437143087387085,blocked,Hebbian
4,12,0.017058037221431732,blocked,Hebbian
4,13,0.016301525756716728,blocked,Hebbian
4,14,0.015783766284585,blocked,Hebbian
4,15,0.01596231386065483,blocked,Hebbian
4,16,0.016788000240921974,blocked,Hebbian
4,17,0.014273774810135365,blocked,Hebbian
4,18,0.0163639597594738,blocked,Hebbian
4,19,0.014244535937905312,blocked,Hebbian
4,20,0.013163517229259014,blocked,Hebbian
4,21,0.012722204439342022,blocked,Hebbian
4,22,0.01196729950606823,blocked,Hebbian
4,23,0.010307547636330128,blocked,Hebbian
4,24,0.010264072567224503,blocked,Hebbian
4,25,0.00962784793227911,blocked,Hebbian
4,26,0.010140958242118359,blocked,Hebbian
4,27,0.00953706819564104,blocked,Hebbian
4,28,0.00895571056753397,blocked,Hebbian
4,29,0.008985297754406929,blocked,Hebbian
4,30,0.008919894695281982,blocked,Hebbian
4,31,0.009389182552695274,blocked,Hebbian
4,32,0.009376679547131062,blocked,Hebbian
4,33,0.008907831273972988,blocked,Hebbian
4,34,0.009158052504062653,blocked,Hebbian
4,35,0.009821498766541481,blocked,Hebbian
4,36,0.010064388625323772,blocked,Hebbian
4,37,0.009705261327326298,blocked,Hebbian
4,38,0.009740849025547504,blocked,Hebbian
4,39,0.010206959210336208,blocked,Hebbian
4,40,0.011034331284463406,blocked,Hebbian
5,0,0.020235449075698853,blocked,Hebbian
5,1,0.01791154406964779,blocked,Hebbian
5,2,0.0190519317984581,blocked,Hebbian
5,3,0.017850900068879128,blocked,Hebbian
5,4,0.017397986724972725,blocked,Hebbian
5,5,0.017686273902654648,blocked,Hebbian
5,6,0.017171325162053108,blocked,Hebbian
5,7,0.017005551606416702,blocked,Hebbian
5,8,0.01682688295841217,blocked,Hebbian
5,9,0.01697422005236149,blocked,Hebbian
5,10,0.01652444154024124,blocked,Hebbian
5,11,0.016673767939209938,blocked,Hebbian
5,12,0.01648620143532753,blocked,Hebbian
5,13,0.01642783358693123,blocked,Hebbian
5,14,0.017166336998343468,blocked,Hebbian
5,15,0.01646551489830017,blocked,Hebbian
5,16,0.015201481059193611,blocked,Hebbian
5,17,0.016298087313771248,blocked,Hebbian
5,18,0.01554351020604372,blocked,Hebbian
5,19,0.01361470203846693,blocked,Hebbian
5,20,0.013650555163621902,blocked,Hebbian
5,21,0.012237362563610077,blocked,Hebbian
5,22,0.012882496230304241,blocked,Hebbian
5,23,0.012945116497576237,blocked,Hebbian
5,24,0.010849586687982082,blocked,Hebbian
5,25,0.010684991255402565,blocked,Hebbian
5,26,0.010256770998239517,blocked,Hebbian
5,27,0.009649286977946758,blocked,Hebbian
5,28,0.0101844547316432,blocked,Hebbian
5,29,0.011780238710343838,blocked,Hebbian
5,30,0.01165726874023676,blocked,Hebbian
5,31,0.009640166535973549,blocked,Hebbian
5,32,0.010660933330655098,blocked,Hebbian
5,33,0.01142097357660532,blocked,Hebbian
5,34,0.012131121940910816,blocked,Hebbian
5,35,0.011858024634420872,blocked,Hebbian
5,36,0.012182148173451424,blocked,Hebbian
5,37,0.012547223828732967,blocked,Hebbian
5,38,0.01006544940173626,blocked,Hebbian
5,39,0.00893977377563715,blocked,Hebbian
5,40,0.00882018357515335,blocked,Hebbian
6,0,0.020946023985743523,blocked,Hebbian
6,1,0.01793568581342697,blocked,Hebbian
6,2,0.017314180731773376,blocked,Hebbian
6,3,0.01725637912750244,blocked,Hebbian
6,4,0.017441071569919586,blocked,Hebbian
6,5,0.01719638518989086,blocked,Hebbian
6,6,0.017534814774990082,blocked,Hebbian
6,7,0.017230095341801643,blocked,Hebbian
6,8,0.016822574660182,blocked,Hebbian
6,9,0.01689412258565426,blocked,Hebbian
6,10,0.016354767605662346,blocked,Hebbian
6,11,0.01606101728975773,blocked,Hebbian
6,12,0.01555544976145029,blocked,Hebbian
6,13,0.015333451330661774,blocked,Hebbian
6,14,0.014888010919094086,blocked,Hebbian
6,15,0.014845527708530426,blocked,Hebbian
6,16,0.015105017460882664,blocked,Hebbian
6,17,0.014545957557857037,blocked,Hebbian
6,18,0.013010624796152115,blocked,Hebbian
6,19,0.01252832356840372,blocked,Hebbian
6,20,0.011884721927344799,blocked,Hebbian
6,21,0.01147663313895464,blocked,Hebbian
6,22,0.010063674300909042,blocked,Hebbian
6,23,0.010541534051299095,blocked,Hebbian
6,24,0.011186511255800724,blocked,Hebbian
6,25,0.009823013097047806,blocked,Hebbian
6,26,0.010564289055764675,blocked,Hebbian
6,27,0.008737383410334587,blocked,Hebbian
6,28,0.009136170148849487,blocked,Hebbian
6,29,0.009294943884015083,blocked,Hebbian
6,30,0.009091036394238472,blocked,Hebbian
6,31,0.008793645538389683,blocked,Hebbian
6,32,0.00932119507342577,blocked,Hebbian
6,33,0.010317286476492882,blocked,Hebbian
6,34,0.010343333706259727,blocked,Hebbian
6,35,0.010696062818169594,blocked,Hebbian
6,36,0.01093419548124075,blocked,Hebbian
6,37,0.009186387062072754,blocked,Hebbian
6,38,0.009453559294342995,blocked,Hebbian
6,39,0.009502358734607697,blocked,Hebbian
6,40,0.00897156447172165,blocked,Hebbian
7,0,0.020713159814476967,blocked,Hebbian
7,1,0.01750858500599861,blocked,Hebbian
7,2,0.01869628019630909,blocked,Hebbian
7,3,0.018412047997117043,blocked,Hebbian
7,4,0.017757181078195572,blocked,Hebbian
7,5,0.018302513286471367,blocked,Hebbian
7,6,0.017555000260472298,blocked,Hebbian
7,7,0.01743442378938198,blocked,Hebbian
7,8,0.016854792833328247,blocked,Hebbian
7,9,0.016757071018218994,blocked,Hebbian
7,10,0.016661668196320534,blocked,Hebbian
7,11,0.016502220183610916,blocked,Hebbian
7,12,0.016751546412706375,blocked,Hebbian
7,13,0.01645824871957302,blocked,Hebbian
7,14,0.016411887481808662,blocked,Hebbian
7,15,0.01682281494140625,blocked,Hebbian
7,16,0.01630936935544014,blocked,Hebbian
7,17,0.0157247893512249,blocked,Hebbian
7,18,0.01578773558139801,blocked,Hebbian
7,19,0.01611061953008175,blocked,Hebbian
7,20,0.01603338122367859,blocked,Hebbian
7,21,0.014595902524888515,blocked,Hebbian
7,22,0.013967029750347137,blocked,Hebbian
7,23,0.01383933238685131,blocked,Hebbian
7,24,0.014157114550471306,blocked,Hebbian
7,25,0.012557785958051682,blocked,Hebbian
7,26,0.012982767075300217,blocked,Hebbian
7,27,0.013554240576922894,blocked,Hebbian
7,28,0.01136239804327488,blocked,Hebbian
7,29,0.01130230724811554,blocked,Hebbian
7,30,0.011506674811244011,blocked,Hebbian
7,31,0.012890555895864964,blocked,Hebbian
7,32,0.010702432133257389,blocked,Hebbian
7,33,0.010349487885832787,blocked,Hebbian
7,34,0.013654900714755058,blocked,Hebbian
7,35,0.010218105278909206,blocked,Hebbian
7,36,0.010645207948982716,blocked,Hebbian
7,37,0.010549671947956085,blocked,Hebbian
7,38,0.009619301185011864,blocked,Hebbian
7,39,0.009199676103889942,blocked,Hebbian
7,40,0.009625501930713654,blocked,Hebbian
8,0,0.04321887716650963,blocked,Hebbian
8,1,0.017494671046733856,blocked,Hebbian
8,2,0.01738225296139717,blocked,Hebbian
8,3,0.016854800283908844,blocked,Hebbian
8,4,0.01671011559665203,blocked,Hebbian
8,5,0.0164715014398098,blocked,Hebbian
8,6,0.01660021021962166,blocked,Hebbian
8,7,0.016376599669456482,blocked,Hebbian
8,8,0.016544243320822716,blocked,Hebbian
8,9,0.01777089200913906,blocked,Hebbian
8,10,0.016465656459331512,blocked,Hebbian
8,11,0.016125543043017387,blocked,Hebbian
8,12,0.01575312577188015,blocked,Hebbian
8,13,0.015704749152064323,blocked,Hebbian
8,14,0.014688310213387012,blocked,Hebbian
8,15,0.01510368101298809,blocked,Hebbian
8,16,0.014529677107930183,blocked,Hebbian
8,17,0.014447673223912716,blocked,Hebbian
8,18,0.015084519051015377,blocked,Hebbian
8,19,0.01642785593867302,blocked,Hebbian
8,20,0.01653294637799263,blocked,Hebbian
8,21,0.016041362658143044,blocked,Hebbian
8,22,0.015615930780768394,blocked,Hebbian
8,23,0.012974634766578674,blocked,Hebbian
8,24,0.013987828977406025,blocked,Hebbian
8,25,0.012474119663238525,blocked,Hebbian
8,26,0.014876318164169788,blocked,Hebbian
8,27,0.011657738126814365,blocked,Hebbian
8,28,0.014015695080161095,blocked,Hebbian
8,29,0.012138288468122482,blocked,Hebbian
8,30,0.01322995126247406,blocked,Hebbian
8,31,0.011173419654369354,blocked,Hebbian
8,32,0.010587166994810104,blocked,Hebbian
8,33,0.012087407521903515,blocked,Hebbian
8,34,0.01254155021160841,blocked,Hebbian
8,35,0.010635573416948318,blocked,Hebbian
8,36,0.011810718104243279,blocked,Hebbian
8,37,0.012747173197567463,blocked,Hebbian
8,38,0.010827694088220596,blocked,Hebbian
8,39,0.009282280690968037,blocked,Hebbian
8,40,0.01360540185123682,blocked,Hebbian
9,0,0.018079008907079697,blocked,Hebbian
9,1,0.01805420033633709,blocked,Hebbian
9,2,0.018366992473602295,blocked,Hebbian
9,3,0.017371531575918198,blocked,Hebbian
9,4,0.019010132178664207,blocked,Hebbian
9,5,0.01796749047935009,blocked,Hebbian
9,6,0.017159340903162956,blocked,Hebbian
9,7,0.016924135386943817,blocked,Hebbian
9,8,0.016788462176918983,blocked,Hebbian
9,9,0.016882946714758873,blocked,Hebbian
9,10,0.016566535457968712,blocked,Hebbian
9,11,0.01627403311431408,blocked,Hebbian
9,12,0.016400577500462532,blocked,Hebbian
9,13,0.016728144139051437,blocked,Hebbian
9,14,0.016229866072535515,blocked,Hebbian
9,15,0.015764964744448662,blocked,Hebbian
9,16,0.015233101323246956,blocked,Hebbian
9,17,0.015476123429834843,blocked,Hebbian
9,18,0.015363757498562336,blocked,Hebbian
9,19,0.014793687500059605,blocked,Hebbian
9,20,0.015224618837237358,blocked,Hebbian
9,21,0.014551851898431778,blocked,Hebbian
9,22,0.014514559879899025,blocked,Hebbian
9,23,0.013789283111691475,blocked,Hebbian
9,24,0.014025663025677204,blocked,Hebbian
9,25,0.012800882570445538,blocked,Hebbian
9,26,0.013198664411902428,blocked,Hebbian
9,27,0.013366269879043102,blocked,Hebbian
9,28,0.010929437354207039,blocked,Hebbian
9,29,0.011985355988144875,blocked,Hebbian
9,30,0.011222944594919682,blocked,Hebbian
9,31,0.012167805805802345,blocked,Hebbian
9,32,0.011229689233005047,blocked,Hebbian
9,33,0.010329042561352253,blocked,Hebbian
9,34,0.0138819245621562,blocked,Hebbian
9,35,0.012197609059512615,blocked,Hebbian
9,36,0.01610899344086647,blocked,Hebbian
9,37,0.014822994358837605,blocked,Hebbian
9,38,0.013024233281612396,blocked,Hebbian
9,39,0.016574634239077568,blocked,Hebbian
9,40,0.016614286229014397,blocked,Hebbian
