model,epoch,size_error,bce_loss,threshold,source,condition,alpha,batch_size
ISC,0,0.25703927874565125,0.000571674550883472,0.18,experimental_setups.hebbian_model.bhvsim_experiment,same_train_set,,38
ISC,1,0.25618666410446167,0.0003731688775587827,0.18,experimental_setups.hebbian_model.bhvsim_experiment,same_train_set,,38
ISC,2,0.25258663296699524,0.0003553361166268587,0.18,experimental_setups.hebbian_model.bhvsim_experiment,same_train_set,,38
ISC,3,0.24920397996902466,0.00029400477069430053,0.18,experimental_setups.hebbian_model.bhvsim_experiment,same_train_set,,38
ISC,4,0.24759456515312195,0.00027408578898757696,0.18,experimental_setups.hebbian_model.bhvsim_experiment,same_train_set,,38
ISC,5,0.24852845072746277,0.00029147323220968246,0.18,experimental_setups.hebbian_model.bhvsim_experiment,same_train_set,,38
ISC,6,0.24869634211063385,0.00029631497454829514,0.18,experimental_setups.hebbian_model.bhvsim_experiment,same_train_set,,38
ISC,7,0.24827195703983307,0.0003007488267030567,0.18,experimental_setups.hebbian_model.bhvsim_experiment,same_train_set,,38
ISC,8,0.24367567896842957,0.000253197067650035,0.18,experimental_setups.hebbian_model.bhvsim_experiment,same_train_set,,38
ISC,9,0.2414029985666275,0.00023951742332428694,0.18,experimental_setups.hebbian_model.bhvsim_experiment,same_train_set,,38
ISC,10,0.24607183039188385,0.0002899884420912713,0.18,experimental_setups.hebbian_model.bhvsim_experiment,same_train_set,,38
ISC,11,0.25130903720855713,0.0003851405344903469,0.18,experimental_setups.hebbian_model.bhvsim_experiment,same_train_set,,38
ISC,12,0.24309298396110535,0.00028727788594551384,0.18,experimental_setups.hebbian_model.bhvsim_experiment,same_train_set,,38
ISC,13,0.23672720789909363,0.0002584301109891385,0.18,experimental_setups.hebbian_model.bhvsim_experiment,same_train_set,,38
ISC,14,0.22706547379493713,0.0002295164013048634,0.18,experimental_setups.hebbian_model.bhvsim_experiment,same_train_set,,38
ISC,15,0.2138330340385437,0.0002036629302892834,0.18,experimental_setups.hebbian_model.bhvsim_experiment,same_train_set,,38
ISC,16,0.203110471367836,0.00019045689259655774,0.18,experimental_setups.hebbian_model.bhvsim_experiment,same_train_set,,38
ISC,17,0.18435552716255188,0.00017151942302007228,0.18,experimental_setups.hebbian_model.bhvsim_experiment,same_train_set,,38
ISC,18,0.16615945100784302,0.00015140925825107843,0.18,experimental_setups.hebbian_model.bhvsim_experiment,same_train_set,,38
Oja,0,0.25917765498161316,0.0006335927755571902,0.18,experimental_setups.hebbian_model.bhvsim_experiment,blocked_train,0.8689655172413793,38
Oja,1,0.2590824365615845,0.0004318921419326216,0.18,experimental_setups.hebbian_model.bhvsim_experiment,blocked_train,0.8689655172413793,38
Oja,2,0.26466795802116394,0.0007298574200831354,0.18,experimental_setups.hebbian_model.bhvsim_experiment,blocked_train,0.8689655172413793,38
Oja,3,0.29962003231048584,0.0007009919499978423,0.18,experimental_setups.hebbian_model.bhvsim_experiment,blocked_train,0.8689655172413793,38
Oja,4,0.2546614706516266,0.0005012856563553214,0.18,experimental_setups.hebbian_model.bhvsim_experiment,blocked_train,0.8689655172413793,38
Oja,5,0.25657302141189575,0.00038748173392377794,0.18,experimental_setups.hebbian_model.bhvsim_experiment,blocked_train,0.8689655172413793,38
Oja,6,0.2529849112033844,0.0004121075617149472,0.18,experimental_setups.hebbian_model.bhvsim_experiment,blocked_train,0.8689655172413793,38
Oja,7,0.25563666224479675,0.0003726614231709391,0.18,experimental_setups.hebbian_model.bhvsim_experiment,blocked_train,0.8689655172413793,38
Oja,8,0.24614261090755463,0.0002906000008806586,0.18,experimental_setups.hebbian_model.bhvsim_experiment,blocked_train,0.8689655172413793,38
Oja,9,0.2462160885334015,0.0003553835558705032,0.18,experimental_setups.hebbian_model.bhvsim_experiment,blocked_train,0.8689655172413793,38
Oja,10,0.2455739825963974,0.0002983080630656332,0.18,experimental_setups.hebbian_model.bhvsim_experiment,blocked_train,0.8689655172413793,38
Oja,11,0.24299199879169464,0.00030234665609896183,0.18,experimental_setups.hebbian_model.bhvsim_experiment,blocked_train,0.8689655172413793,38
Oja,12,0.250931978225708,0.0004330566735006869,0.18,experimental_setups.hebbian_model.bhvsim_experiment,blocked_train,0.8689655172413793,38
Oja,13,0.2444217950105667,0.00035008438862860203,0.18,experimental_setups.hebbian_model.bhvsim_experiment,blocked_train,0.8689655172413793,38
Oja,14,0.23759685456752777,0.00028788542840629816,0.18,experimental_setups.hebbian_model.bhvsim_experiment,blocked_train,0.8689655172413793,38
Oja,15,0.2334059625864029,0.0002879835956264287,0.18,experimental_setups.hebbian_model.bhvsim_experiment,blocked_train,0.8689655172413793,38
Oja,16,0.2267041802406311,0.00022985941905062646,0.18,experimental_setups.hebbian_model.bhvsim_experiment,blocked_train,0.8689655172413793,38
Oja,17,0.22568616271018982,0.0002273381396662444,0.18,experimental_setups.hebbian_model.bhvsim_experiment,blocked_train,0.8689655172413793,38
Oja,18,0.21524514257907867,0.0002128412015736103,0.18,experimental_setups.hebbian_model.bhvsim_experiment,blocked_train,0.8689655172413793,38
Oja,19,0.22609379887580872,0.0002879794337786734,0.18,experimental_setups.hebbian_model.bhvsim_experiment,blocked_train,0.8689655172413793,38
Oja,20,0.2200181633234024,0.00026434921892359853,0.18,experimental_setups.hebbian_model.bhvsim_experiment,blocked_train,0.8689655172413793,38
Oja,21,0.21275155246257782,0.0002266221126774326,0.18,experimental_setups.hebbian_model.bhvsim_experiment,blocked_train,0.8689655172413793,38
Oja,22,0.20254763960838318,0.00021397419914137572,0.18,experimental_setups.hebbian_model.bhvsim_experiment,blocked_train,0.8689655172413793,38
Oja,23,0.24127742648124695,0.0004653368378058076,0.18,experimental_setups.hebbian_model.bhvsim_experiment,blocked_train,0.8689655172413793,38
Oja,24,0.21001051366329193,0.000262556568486616,0.18,experimental_setups.hebbian_model.bhvsim_experiment,blocked_train,0.8689655172413793,38
Oja,25,0.20825998485088348,0.000249940378125757,0.18,experimental_setups.hebbian_model.bhvsim_experiment,blocked_train,0.8689655172413793,38
Oja,26,0.18740451335906982,0.00018512591486796737,0.18,experimental_setups.hebbian_model.bhvsim_experiment,blocked_train,0.8689655172413793,38
Oja,27,0.19867850840091705,0.0002703192294575274,0.18,experimental_setups.hebbian_model.bhvsim_experiment,blocked_train,0.8689655172413793,38
Oja,28,0.17301559448242188,0.00016645487630739808,0.18,experimental_setups.hebbian_model.bhvsim_experiment,blocked_train,0.8689655172413793,38
